-- MariaDB dump 10.17  Distrib 10.4.15-MariaDB, for Linux (x86_64)
--
-- Host: mysql.hostinger.ro    Database: u574849695_24
-- ------------------------------------------------------
-- Server version	10.4.15-MariaDB-cll-lve

/*!40101 SET @OLD_CHARACTER_SET_CLIENT=@@CHARACTER_SET_CLIENT */;
/*!40101 SET @OLD_CHARACTER_SET_RESULTS=@@CHARACTER_SET_RESULTS */;
/*!40101 SET @OLD_COLLATION_CONNECTION=@@COLLATION_CONNECTION */;
/*!40101 SET NAMES utf8mb4 */;
/*!40103 SET @OLD_TIME_ZONE=@@TIME_ZONE */;
/*!40103 SET TIME_ZONE='+00:00' */;
/*!40014 SET @OLD_UNIQUE_CHECKS=@@UNIQUE_CHECKS, UNIQUE_CHECKS=0 */;
/*!40014 SET @OLD_FOREIGN_KEY_CHECKS=@@FOREIGN_KEY_CHECKS, FOREIGN_KEY_CHECKS=0 */;
/*!40101 SET @OLD_SQL_MODE=@@SQL_MODE, SQL_MODE='NO_AUTO_VALUE_ON_ZERO' */;
/*!40111 SET @OLD_SQL_NOTES=@@SQL_NOTES, SQL_NOTES=0 */;

--
-- Table structure for table `broker_account`
--

DROP TABLE IF EXISTS `broker_account`;
/*!40101 SET @saved_cs_client     = @@character_set_client */;
/*!40101 SET character_set_client = utf8 */;
CREATE TABLE `broker_account` (
  `broker_id_profile_id` int(10) unsigned NOT NULL,
  `broker_created_at` datetime NOT NULL DEFAULT current_timestamp(),
  `broker_updated_at` datetime DEFAULT NULL ON UPDATE current_timestamp(),
  `broker_deleted_at` datetime DEFAULT NULL,
  `broker_contract` bigint(19) unsigned NOT NULL,
  `broker_cash` decimal(64,2) unsigned DEFAULT NULL,
  UNIQUE KEY `broker_contract_UNIQUE` (`broker_contract`),
  KEY `fk_broker_account_profile1_idx` (`broker_id_profile_id`),
  CONSTRAINT `fk_broker_account_profile1` FOREIGN KEY (`broker_id_profile_id`) REFERENCES `profile` (`id_profile_user`) ON DELETE NO ACTION ON UPDATE NO ACTION
) ENGINE=InnoDB DEFAULT CHARSET=utf8;
/*!40101 SET character_set_client = @saved_cs_client */;

--
-- Dumping data for table `broker_account`
--

LOCK TABLES `broker_account` WRITE;
/*!40000 ALTER TABLE `broker_account` DISABLE KEYS */;
INSERT INTO `broker_account` VALUES (2,'1986-07-05 11:50:45','1971-12-24 15:10:30',NULL,1683191040,24377366.70),(1,'1980-05-26 02:24:51','1999-09-26 21:09:27',NULL,2185773869,10134515.29),(23,'1976-04-29 13:35:34','2011-03-26 17:49:36',NULL,2431565908,0.77),(8,'2018-11-10 12:24:56','1970-02-03 04:48:38',NULL,2606576957,11292652.29),(15,'1999-08-17 05:14:26','1992-01-29 04:03:45',NULL,3212512587,322.97),(14,'1974-07-03 21:21:38','1999-07-18 06:23:48',NULL,3794683032,1.34),(3,'2016-07-05 22:50:04','2021-05-07 07:10:12',NULL,3807963299,17601.15),(6,'1999-09-11 11:35:52','1984-09-02 15:36:26',NULL,5225071564,35165.27),(13,'2002-04-03 12:34:26','1977-02-16 01:49:39',NULL,5230822082,65772720.45),(10,'2001-08-18 20:31:51','2007-10-21 12:32:03',NULL,5314432056,2.38),(19,'1990-10-03 01:56:33','2011-02-15 06:04:31',NULL,5742432438,3717.86),(7,'1990-08-17 11:54:48','1989-11-08 11:29:39',NULL,5926729710,1015520.94),(18,'2014-01-13 08:44:56','1995-09-03 13:08:51',NULL,5930882394,1806918.26),(17,'1980-12-29 06:11:39','2009-09-02 12:47:51',NULL,6568950578,82726682.65),(25,'1999-01-28 21:55:50','2006-06-12 04:11:11',NULL,6951642762,846.91),(24,'1982-08-16 21:17:23','2006-02-04 22:24:05',NULL,7056381540,0.00),(11,'2002-05-04 21:21:53','1972-01-09 22:32:23',NULL,7091218871,72716254.92),(4,'1978-02-11 14:09:27','1990-03-30 06:46:07',NULL,8136058423,754999.53),(5,'1994-04-21 00:00:32','2013-05-10 18:06:28',NULL,8393521026,0.00),(16,'2000-12-29 12:49:54','1990-06-29 19:25:36',NULL,8592757188,0.00),(20,'1978-03-01 08:57:38','2007-04-22 02:48:21',NULL,8768983995,0.00),(9,'2016-06-03 18:42:22','2001-09-19 03:46:24',NULL,9450327534,5.08),(21,'1984-09-17 14:31:43','1992-07-21 19:22:48',NULL,9862719702,553285032.42),(22,'2017-01-17 03:26:13','1981-12-07 05:25:08',NULL,9863178259,0.99),(12,'2006-06-29 01:35:27','2001-11-04 03:04:17',NULL,9961625618,0.00);
/*!40000 ALTER TABLE `broker_account` ENABLE KEYS */;
UNLOCK TABLES;

--
-- Table structure for table `card`
--

DROP TABLE IF EXISTS `card`;
/*!40101 SET @saved_cs_client     = @@character_set_client */;
/*!40101 SET character_set_client = utf8 */;
CREATE TABLE `card` (
  `card_id_profile_id` int(10) unsigned NOT NULL,
  `card_number` bigint(19) unsigned NOT NULL,
  `card_created_at` datetime NOT NULL DEFAULT current_timestamp(),
  `card_updated_at` datetime DEFAULT NULL ON UPDATE current_timestamp(),
  `card_deleted_at` datetime DEFAULT NULL,
  `card_sum` decimal(64,2) unsigned DEFAULT NULL,
  `card_type` enum('Maestro','Visa','Mastercard') NOT NULL,
  UNIQUE KEY `card_number_UNIQUE` (`card_number`),
  KEY `fk_card_profile1_idx` (`card_id_profile_id`),
  CONSTRAINT `fk_card_profile1` FOREIGN KEY (`card_id_profile_id`) REFERENCES `profile` (`id_profile_user`) ON DELETE NO ACTION ON UPDATE NO ACTION
) ENGINE=InnoDB DEFAULT CHARSET=utf8;
/*!40101 SET character_set_client = @saved_cs_client */;

--
-- Dumping data for table `card`
--

LOCK TABLES `card` WRITE;
/*!40000 ALTER TABLE `card` DISABLE KEYS */;
INSERT INTO `card` VALUES (73,4024007106089,'1979-12-12 23:45:24','2016-01-04 03:44:50',NULL,862142529.87,'Mastercard'),(89,4024007129126,'1975-12-26 21:17:44','1982-12-13 10:23:19',NULL,0.00,'Visa'),(58,4024007144473,'1993-07-31 22:52:27','1981-02-01 03:54:13',NULL,850620.73,'Mastercard'),(65,4024007145058,'1982-11-07 08:37:38','1988-10-19 11:35:36',NULL,226.43,'Visa'),(51,4024007191004,'2005-11-20 11:57:12','1979-07-31 10:46:12',NULL,13.25,'Maestro'),(45,4485248462356,'1983-12-04 21:41:35','1971-10-19 20:38:08',NULL,12006498.57,'Visa'),(61,4485447904733,'2019-04-21 10:39:58','2016-11-02 17:10:39',NULL,357167.34,'Maestro'),(14,4485707135408,'1983-10-22 01:54:49','1984-09-12 21:13:51',NULL,431.89,'Visa'),(90,4485747200668,'2012-05-24 00:51:49','2017-11-28 06:38:46',NULL,11.90,'Maestro'),(34,4485766844385,'1996-12-22 07:24:51','2016-12-05 14:49:37',NULL,3591.13,'Mastercard'),(57,4485943378623,'2015-09-12 18:59:01','1979-11-23 00:08:59',NULL,52223.75,'Maestro'),(78,4532021869311,'1986-06-19 14:30:53','2021-05-26 18:45:55',NULL,2.97,'Mastercard'),(96,4532701848343,'1981-10-14 16:42:01','1976-06-05 17:03:02',NULL,204746689.00,'Mastercard'),(8,4539035664548,'1998-07-17 10:25:51','2020-11-12 09:28:19',NULL,0.43,'Maestro'),(24,4539170416248,'2014-06-11 06:03:30','1971-04-16 17:57:36',NULL,0.00,'Mastercard'),(59,4539981111426,'1987-09-25 16:21:55','1996-01-13 07:59:33',NULL,0.00,'Maestro'),(20,4716892877537,'2018-08-19 07:54:45','1974-02-28 02:26:13',NULL,36471.39,'Maestro'),(93,4916756591944,'2015-12-06 03:55:08','1979-10-27 19:46:21',NULL,3.44,'Mastercard'),(53,4916815585832,'2018-06-05 13:47:09','2008-03-13 22:05:51',NULL,202.80,'Visa'),(11,4916996713683,'1982-01-18 23:50:03','1998-12-12 10:10:10',NULL,0.00,'Mastercard'),(91,4929023882825,'2000-01-15 04:33:14','1985-01-11 20:21:41',NULL,0.00,'Visa'),(32,4929239053579,'2008-04-04 19:20:36','2015-11-13 10:03:38',NULL,205893022.00,'Mastercard'),(1,4929302804376,'1970-05-22 16:59:23','2013-03-03 15:13:40',NULL,15749472.60,'Mastercard'),(21,4929410604606,'2019-12-19 20:12:03','1985-11-18 01:50:05',NULL,322494566.96,'Maestro'),(87,4929741043787,'1992-07-14 08:05:12','1990-04-14 21:03:52',NULL,4.35,'Visa'),(38,4929871000565,'2000-10-23 07:44:14','2013-04-25 00:30:52',NULL,200.89,'Visa'),(94,4929937304841,'2018-05-29 06:31:22','2004-12-22 02:49:47',NULL,71.78,'Maestro'),(7,4929975464256,'2007-09-23 20:29:56','1980-10-22 11:06:10',NULL,0.17,'Visa'),(98,340061282725740,'1989-01-05 15:26:18','1990-08-11 16:40:14',NULL,79228067.69,'Maestro'),(95,345168933455054,'1975-02-04 17:57:57','1993-09-27 05:35:12',NULL,12148349.00,'Maestro'),(74,345936924138956,'2013-08-31 20:56:19','1974-03-26 18:02:29',NULL,41270473.07,'Mastercard'),(17,373216498723163,'1984-12-25 12:17:16','2011-01-18 05:08:52',NULL,21977786.64,'Maestro'),(80,373963087831385,'1993-11-28 04:46:17','1976-02-19 20:34:03',NULL,248656.86,'Mastercard'),(23,377645557058590,'1995-03-19 19:45:40','2001-04-25 23:22:55',NULL,5492.31,'Visa'),(77,378338872006213,'1988-05-04 04:31:29','1979-04-06 00:31:56',NULL,360.98,'Maestro'),(6,379485132278690,'1990-03-30 03:57:30','1975-02-22 23:46:56',NULL,575.10,'Visa'),(18,379513712587513,'1993-02-08 22:07:11','2003-09-21 02:39:03',NULL,1000704.59,'Maestro'),(55,4024007133890517,'2018-03-30 01:18:40','1988-09-28 10:02:16',NULL,13527.78,'Mastercard'),(75,4485575419748135,'2009-01-10 16:56:33','1997-08-30 20:27:21',NULL,0.00,'Maestro'),(2,4485578256549790,'1976-06-17 09:44:58','1994-11-18 02:39:06',NULL,18298442.28,'Visa'),(10,4485691530795786,'1977-02-07 08:45:12','1983-11-17 17:29:38',NULL,217728.78,'Maestro'),(13,4485921468386663,'1979-06-02 22:21:26','2006-11-08 21:33:44',NULL,576748935.30,'Mastercard'),(5,4532019147112979,'2009-10-21 15:09:21','1992-06-16 08:56:54',NULL,320125798.00,'Visa'),(37,4532296366635678,'1982-08-02 10:30:39','1976-04-22 03:16:25',NULL,0.00,'Mastercard'),(52,4532829752857469,'1992-04-24 03:59:07','1978-11-26 14:08:38',NULL,0.00,'Mastercard'),(22,4539459915486685,'2003-03-14 21:43:29','2010-06-26 20:53:07',NULL,4175.48,'Mastercard'),(4,4539580646779960,'2016-10-24 21:04:31','1978-08-27 17:27:41',NULL,6.25,'Visa'),(97,4556114313791466,'2008-12-02 03:02:15','2010-03-24 15:12:12',NULL,0.00,'Mastercard'),(40,4556353354743376,'1970-10-17 23:57:04','2013-02-05 16:58:45',NULL,44.22,'Visa'),(36,4556862991741947,'1978-10-14 02:45:39','1984-02-21 04:36:50',NULL,42.49,'Mastercard'),(48,4569668491655538,'2021-02-06 19:48:00','1990-01-27 06:42:28',NULL,23043.59,'Mastercard'),(3,4631005996786666,'2018-04-18 02:28:49','2018-01-23 01:49:10',NULL,1804704.50,'Maestro'),(12,4716373863645668,'2005-05-27 18:14:22','1995-11-27 23:09:39',NULL,2569.26,'Maestro'),(88,4716882971700586,'2019-06-07 09:05:23','2008-10-02 15:59:38',NULL,13.08,'Maestro'),(99,4916300020301351,'1997-01-15 12:55:24','2012-03-02 02:17:41',NULL,19115927.21,'Visa'),(72,4916874719458517,'2002-11-08 07:52:27','1972-06-11 01:29:15',NULL,2030953.09,'Maestro'),(86,4916907709475797,'1977-02-07 18:59:23','1994-02-03 23:32:05',NULL,4062267.00,'Mastercard'),(28,4929264144775314,'1982-04-25 11:28:29','2018-01-18 04:54:53',NULL,59015487.92,'Mastercard'),(49,4929542180981810,'2004-01-13 21:06:48','1971-09-23 03:10:22',NULL,79720.80,'Maestro'),(33,4929688195517798,'2010-11-14 17:13:55','2007-03-22 16:59:20',NULL,5.00,'Maestro'),(19,5104743568391258,'2008-02-02 05:23:02','1994-08-01 23:23:29',NULL,46864.41,'Visa'),(79,5167459414009277,'1982-12-29 22:14:29','1987-06-11 13:26:08',NULL,37333.00,'Visa'),(47,5169875952569956,'2017-03-03 23:16:26','1989-10-08 21:35:25',NULL,37685.02,'Visa'),(67,5171084680258215,'1970-11-13 00:14:27','1999-07-15 06:44:00',NULL,86.77,'Maestro'),(35,5225385985046416,'1985-07-09 16:20:52','2016-05-13 15:45:16',NULL,41525.39,'Maestro'),(54,5238130205663977,'1973-02-28 00:24:48','1988-09-09 01:21:27',NULL,131.45,'Visa'),(64,5274062061551064,'2011-02-05 08:51:51','2006-11-05 17:23:49',NULL,0.00,'Maestro'),(71,5299551407672383,'2006-03-11 04:16:58','2010-03-15 17:32:56',NULL,0.00,'Mastercard'),(16,5307832014892333,'1992-11-17 12:49:51','1999-11-13 09:42:06',NULL,50.04,'Maestro'),(43,5314291557016110,'1976-09-09 18:57:09','1996-09-26 18:12:07',NULL,82248.05,'Mastercard'),(81,5331338916530658,'1995-02-06 00:22:13','2012-07-13 20:46:50',NULL,0.02,'Visa'),(44,5332365830876030,'1997-12-11 22:45:45','1985-03-10 15:45:59',NULL,8.99,'Maestro'),(9,5338004652822894,'1973-06-05 16:22:27','2007-03-29 11:07:32',NULL,3.61,'Visa'),(83,5356533516000754,'1997-05-12 13:46:51','1991-12-27 23:01:32',NULL,3.45,'Maestro'),(69,5361502146420073,'1985-01-28 11:40:06','2003-05-23 15:35:26',NULL,42080827.82,'Mastercard'),(63,5364031754879298,'1997-01-08 05:27:38','2019-02-12 08:19:50',NULL,0.00,'Visa'),(31,5405615689145815,'2015-10-19 22:23:09','1996-11-30 19:21:16',NULL,5126314.80,'Maestro'),(30,5444167632917559,'1982-01-31 05:35:43','1970-04-30 14:15:46',NULL,0.00,'Mastercard'),(92,5446682754196827,'1981-05-09 10:19:44','1999-02-12 15:05:45',NULL,1.70,'Visa'),(76,5464198933709373,'1996-08-13 12:42:22','2019-11-14 14:50:55',NULL,496.47,'Mastercard'),(84,5491789129881621,'2012-12-03 01:20:46','1991-02-23 07:16:20',NULL,40.74,'Mastercard'),(25,5495017180903125,'2017-03-05 14:11:01','1974-05-29 18:40:15',NULL,36.29,'Visa'),(56,5500297434649152,'1990-02-05 20:34:20','2020-03-10 19:48:32',NULL,127794261.42,'Mastercard'),(15,5509081171420430,'2019-09-01 09:49:20','1999-07-31 09:21:18',NULL,1.84,'Maestro'),(100,5511464357420624,'2014-07-05 14:42:07','2007-10-23 23:51:38',NULL,25338752.98,'Mastercard'),(82,5519166648246633,'1990-04-02 07:50:04','2014-02-08 05:16:48',NULL,1690.80,'Maestro'),(70,5520110834235523,'1990-03-13 13:22:16','1987-08-01 21:54:37',NULL,25.26,'Maestro'),(27,5527059583705378,'2014-11-29 09:56:36','2001-01-14 14:35:11',NULL,0.59,'Maestro'),(26,5533539240014532,'1988-11-11 03:20:44','1999-11-12 02:35:57',NULL,6.00,'Visa'),(46,5535011415685190,'1987-07-24 02:26:40','2005-07-28 19:00:51',NULL,161.85,'Maestro'),(66,5569280802015327,'1982-03-02 17:45:10','1988-01-05 03:23:47',NULL,85222490.10,'Mastercard'),(68,5582388576722300,'1976-04-12 23:12:44','2006-09-06 06:13:26',NULL,7179.44,'Visa'),(50,5599832101578740,'2017-10-04 05:59:11','2007-12-21 14:54:29',NULL,1660.40,'Visa'),(41,6011091011725438,'1991-03-02 20:45:49','2017-12-13 04:08:10',NULL,1.47,'Maestro'),(42,6011161253169534,'2017-05-08 05:17:58','2018-06-22 11:58:39',NULL,40167702.45,'Maestro'),(85,6011191550169206,'2011-04-26 18:42:39','2008-03-17 01:54:37',NULL,46662390.17,'Mastercard'),(39,6011465611995571,'1976-09-27 20:58:04','1998-07-10 02:04:25',NULL,211662691.77,'Maestro'),(60,6011506385143811,'2006-04-12 02:12:38','1975-04-02 16:55:57',NULL,528052506.12,'Mastercard'),(62,6011745674214827,'2006-08-01 08:46:28','2006-02-12 10:19:07',NULL,0.00,'Mastercard'),(29,6011946173412700,'1993-06-07 19:14:55','2012-05-25 06:43:32',NULL,23347549.99,'Mastercard');
/*!40000 ALTER TABLE `card` ENABLE KEYS */;
UNLOCK TABLES;

--
-- Table structure for table `com_services`
--

DROP TABLE IF EXISTS `com_services`;
/*!40101 SET @saved_cs_client     = @@character_set_client */;
/*!40101 SET character_set_client = utf8 */;
CREATE TABLE `com_services` (
  `id_com_services` int(10) unsigned NOT NULL AUTO_INCREMENT,
  `com_services_name` varchar(300) NOT NULL,
  `com_services_inn` bigint(19) unsigned NOT NULL,
  `com_services_account` bigint(19) unsigned NOT NULL,
  `com_servicescol_account_sum` decimal(64,2) DEFAULT NULL,
  PRIMARY KEY (`id_com_services`),
  UNIQUE KEY `com_services_inn_UNIQUE` (`com_services_inn`),
  UNIQUE KEY `com_services_account_UNIQUE` (`com_services_account`)
) ENGINE=InnoDB AUTO_INCREMENT=11 DEFAULT CHARSET=utf8;
/*!40101 SET character_set_client = @saved_cs_client */;

--
-- Dumping data for table `com_services`
--

LOCK TABLES `com_services` WRITE;
/*!40000 ALTER TABLE `com_services` DISABLE KEYS */;
INSERT INTO `com_services` VALUES (1,'Enterprise-wide clear-thinking website',9004725156,9,78120.00),(2,'Pre-emptive 6thgeneration website',5402697830,6,60857325.00),(3,'Networked bifurcated processimprovement',1137766519,2,94970736.00),(4,'Down-sized holistic methodology',2805382549,4,9744287.00),(5,'Function-based tertiary flexibility',5182238882,1,0.00),(6,'Public-key bottom-line standardization',5356477816,7,9141.00),(7,'Sharable zerotolerance implementation',2348902921,8,906319.00),(8,'Adaptive zerodefect intranet',2562698968,0,0.00),(9,'Reverse-engineered clear-thinking website',6113713822,5,4940030.00),(10,'Multi-tiered bi-directional project',8748698930,3,1955.00);
/*!40000 ALTER TABLE `com_services` ENABLE KEYS */;
UNLOCK TABLES;

--
-- Table structure for table `credit`
--

DROP TABLE IF EXISTS `credit`;
/*!40101 SET @saved_cs_client     = @@character_set_client */;
/*!40101 SET character_set_client = utf8 */;
CREATE TABLE `credit` (
  `credit_id_profile_id` int(10) unsigned NOT NULL,
  `credit_contract` bigint(19) unsigned NOT NULL,
  `credit_created_at` datetime NOT NULL,
  `credit_sum` decimal(64,2) unsigned NOT NULL,
  `credit_pay` decimal(64,2) unsigned NOT NULL,
  `credit_updated_at` datetime DEFAULT NULL ON UPDATE current_timestamp(),
  `credit_deleted_at` datetime DEFAULT NULL,
  KEY `fk_credit_profile1_idx` (`credit_id_profile_id`),
  CONSTRAINT `fk_credit_profile1` FOREIGN KEY (`credit_id_profile_id`) REFERENCES `profile` (`id_profile_user`) ON DELETE NO ACTION ON UPDATE NO ACTION
) ENGINE=InnoDB DEFAULT CHARSET=utf8;
/*!40101 SET character_set_client = @saved_cs_client */;

--
-- Dumping data for table `credit`
--

LOCK TABLES `credit` WRITE;
/*!40000 ALTER TABLE `credit` DISABLE KEYS */;
INSERT INTO `credit` VALUES (1,6664403096,'1977-03-31 11:53:55',271389966.70,2509.57,'1999-06-11 22:00:15',NULL),(2,7609309847,'1983-11-06 16:34:27',116.00,18.12,'2010-04-11 14:13:38',NULL),(3,7115998271,'1973-09-26 15:16:01',5.20,68733461.30,'1981-04-06 11:38:41',NULL),(4,5429525423,'2010-11-03 21:02:32',1992604.72,56.58,'1980-08-07 07:33:11',NULL),(5,1069097442,'2007-09-26 04:25:53',3298076.41,25912407.48,'1982-02-01 01:35:05',NULL),(6,1195285934,'2003-12-28 11:53:27',743854.00,299009886.00,'1974-05-11 18:52:17',NULL),(7,6647207018,'2001-02-05 06:49:07',5.38,59996.78,'2011-09-04 03:53:36',NULL),(8,1956058077,'2011-06-05 09:41:03',3427102.10,104254.46,'2008-12-13 20:31:31',NULL),(9,6913307227,'1992-04-24 21:44:03',292944852.00,184517449.30,'2014-07-10 23:05:12',NULL),(10,6238267994,'2009-06-11 14:53:24',8.77,5.06,'1993-12-25 10:14:23',NULL),(11,4054507781,'1983-05-02 17:09:02',53.37,3156.24,'1972-10-15 11:44:05',NULL),(12,3551761640,'1972-08-22 20:22:06',29002.00,6332.22,'1990-01-23 08:42:18',NULL),(13,1389937870,'1977-06-07 03:08:47',2736.48,2.79,'2004-08-22 16:32:38',NULL),(14,8507676756,'2003-08-13 00:00:56',15291.00,53.40,'1998-01-03 20:28:51',NULL),(15,9585176020,'1973-02-03 23:05:11',1469.63,318.02,'1981-04-14 06:34:42',NULL),(16,5218255488,'1994-08-16 08:52:44',5041.34,3102.00,'2016-07-07 18:27:37',NULL),(17,4049043862,'2019-10-02 20:19:30',26635547.89,7.64,'1996-10-09 03:14:41',NULL),(18,9229178705,'2010-03-12 01:33:29',570239942.02,1222.10,'1981-10-22 09:01:50',NULL),(19,4625718092,'2008-02-27 01:37:37',1.00,4266483.20,'1992-05-24 13:31:05',NULL),(20,8888518178,'1988-01-14 00:02:36',0.00,25689986.72,'2011-12-09 12:25:29',NULL),(21,2005631871,'1971-02-27 21:03:56',5980497.09,28.36,'2009-08-25 19:24:42',NULL),(22,9904455293,'1995-04-12 19:58:13',0.00,15.84,'2003-07-17 21:35:46',NULL),(23,7447663541,'2003-03-18 20:52:22',35.51,481.03,'1997-03-17 09:11:42',NULL),(24,6395219860,'2010-02-06 06:15:52',223419004.00,357449.60,'2007-01-23 11:35:47',NULL),(25,4005766226,'1976-04-16 09:40:48',1.92,3.59,'2014-03-15 00:45:34',NULL),(26,7410391317,'1992-08-28 09:02:46',566.40,745360.30,'1994-05-18 01:16:39',NULL),(27,7558672532,'2000-11-22 04:23:54',4379783.73,873.00,'1996-11-21 02:52:41',NULL),(28,9153690988,'2008-07-05 22:50:36',0.00,19056920.99,'1978-07-18 01:58:06',NULL),(29,2741735070,'1974-06-06 07:46:19',0.00,50.87,'1977-07-16 16:56:05',NULL),(30,2206343449,'1978-02-22 15:14:25',488.23,4071346.23,'1999-11-20 21:03:09',NULL),(31,7808501191,'1999-12-15 15:51:07',57465833.63,0.00,'1994-11-03 02:07:42',NULL),(32,1970097098,'2008-08-17 02:56:30',2.50,407.52,'1988-07-06 05:55:24',NULL),(33,2541914820,'2003-12-04 00:39:30',0.00,0.00,'2005-12-14 00:17:07',NULL),(34,5113401823,'1999-10-01 00:37:58',5025437.98,1158.43,'1972-01-22 22:13:07',NULL),(35,1638350997,'2009-09-14 12:22:37',3900287.86,0.55,'2014-10-03 21:48:30',NULL),(36,4801192312,'1999-10-03 22:06:04',142.05,688.00,'1970-10-17 13:42:30',NULL),(37,3535629636,'1986-06-02 00:44:31',11486.21,31856024.00,'2013-01-12 08:47:09',NULL),(38,6113927762,'1974-12-17 23:08:56',98.00,2699.67,'1986-05-28 00:23:38',NULL),(39,8064886782,'2015-11-29 15:50:22',5.90,1750.48,'1974-11-17 17:58:36',NULL),(40,5603421750,'1985-02-21 13:55:15',7818.51,7.50,'1993-07-07 17:39:18',NULL),(41,5597595712,'2015-01-21 10:06:05',4940.42,5395.19,'1999-05-01 18:45:06',NULL),(42,3854502249,'1997-09-03 00:13:56',4912967.80,258271.33,'1985-01-16 03:30:35',NULL),(43,9328925469,'2008-01-01 20:38:09',17891688.60,4365878.97,'1987-02-09 12:55:56',NULL),(44,8314157642,'1993-01-18 18:45:34',625094075.28,714.78,'1989-02-10 22:23:35',NULL),(45,9505798739,'2001-09-24 06:02:13',128.10,157.79,'1987-05-17 01:45:15',NULL),(46,2252430581,'2012-05-23 14:41:33',1798.71,0.00,'1970-11-04 15:07:59',NULL),(47,6509629728,'1975-09-09 17:05:22',691.21,3227.06,'1984-04-26 09:37:12',NULL),(48,1959192967,'1997-02-14 00:08:05',1373.30,0.00,'2014-07-02 00:45:07',NULL),(49,4765009196,'1987-11-24 22:57:39',2014.00,124889995.28,'1987-02-22 00:03:22',NULL),(50,3833073825,'1972-07-08 08:13:09',154114604.00,1178.19,'2016-06-08 08:44:38',NULL);
/*!40000 ALTER TABLE `credit` ENABLE KEYS */;
UNLOCK TABLES;

--
-- Table structure for table `deposit`
--

DROP TABLE IF EXISTS `deposit`;
/*!40101 SET @saved_cs_client     = @@character_set_client */;
/*!40101 SET character_set_client = utf8 */;
CREATE TABLE `deposit` (
  `deposit_id_profile_id` int(10) unsigned NOT NULL,
  `deposit_contract` bigint(19) unsigned NOT NULL,
  `deposit_created_at` datetime NOT NULL DEFAULT current_timestamp(),
  `deposit_updated_at` datetime DEFAULT NULL ON UPDATE current_timestamp(),
  `deposit_deleted_at` datetime DEFAULT NULL,
  `deposit_sum` decimal(64,2) unsigned NOT NULL,
  UNIQUE KEY `deposit_contract_UNIQUE` (`deposit_contract`),
  KEY `fk_deposit_profile1_idx` (`deposit_id_profile_id`),
  CONSTRAINT `fk_deposit_profile1` FOREIGN KEY (`deposit_id_profile_id`) REFERENCES `profile` (`id_profile_user`) ON DELETE NO ACTION ON UPDATE NO ACTION
) ENGINE=InnoDB DEFAULT CHARSET=utf8;
/*!40101 SET character_set_client = @saved_cs_client */;

--
-- Dumping data for table `deposit`
--

LOCK TABLES `deposit` WRITE;
/*!40000 ALTER TABLE `deposit` DISABLE KEYS */;
INSERT INTO `deposit` VALUES (11,1116217,'1993-02-11 15:52:59','1993-05-12 16:44:09',NULL,20.05),(2,1121067,'1996-08-04 15:46:46','2011-08-31 22:13:27',NULL,1.02),(50,1392377,'2020-06-04 05:14:49','1975-11-10 14:49:34',NULL,46616.38),(24,1465927,'1997-01-24 02:07:53','1983-11-29 00:10:57',NULL,88.56),(57,1620133,'1976-03-16 13:41:15','1993-02-02 08:00:25',NULL,0.00),(54,1765664,'1984-11-04 05:43:55','2001-09-03 08:48:29',NULL,1363864.73),(48,1887266,'2001-03-03 02:17:42','2015-02-22 23:27:53',NULL,228309.25),(55,1933853,'1994-07-10 23:45:20','2013-12-23 22:41:15',NULL,7850.08),(74,2267525,'1998-10-11 20:58:10','2015-12-06 06:50:27',NULL,8.11),(66,2438094,'2012-09-17 06:59:35','1983-03-02 13:27:53',NULL,6060.97),(60,2508744,'1979-07-10 00:16:33','1974-11-16 03:30:50',NULL,38999320.50),(5,2615716,'2015-08-30 20:04:28','1987-05-23 23:40:01',NULL,8668782.00),(39,2669451,'2018-02-23 17:17:20','1989-06-26 16:34:48',NULL,0.05),(34,2696698,'2021-04-12 13:30:06','2015-09-21 15:25:00',NULL,11222191.00),(68,2741784,'2008-05-21 17:40:58','2016-09-16 08:24:41',NULL,169.23),(17,2890879,'2011-03-27 19:08:18','1998-02-25 01:47:22',NULL,1.00),(75,2914384,'2009-09-25 09:15:25','2004-03-12 02:16:11',NULL,8272.00),(25,2994726,'1999-06-19 23:44:15','1974-10-27 20:52:17',NULL,1388.87),(21,3040644,'1981-11-05 12:41:24','1998-03-04 09:54:57',NULL,39476.59),(53,3043823,'1994-09-16 20:40:58','1973-03-16 01:26:52',NULL,13449.07),(8,3263351,'2010-07-12 10:08:35','1993-09-28 08:47:29',NULL,4576.17),(59,3599128,'1982-04-17 22:22:40','2017-11-01 18:28:34',NULL,3379180.00),(26,3725152,'1983-02-11 17:50:55','1976-12-04 08:58:23',NULL,568.71),(49,3859808,'1976-03-01 12:05:07','1995-07-02 20:37:56',NULL,3.00),(37,3899017,'2020-12-09 21:49:02','1982-04-17 05:31:16',NULL,31384.54),(64,3909476,'1981-10-17 08:51:31','1982-08-23 04:49:59',NULL,1.50),(1,4021595,'1980-08-16 02:05:21','1992-12-10 13:00:28',NULL,1261999.40),(16,4273197,'1991-07-18 00:43:05','2001-08-07 12:24:55',NULL,3284394.18),(36,4672891,'2012-01-23 03:55:55','2015-09-21 16:56:50',NULL,136.86),(20,4719906,'1971-05-06 14:02:23','1978-04-15 20:24:03',NULL,844970.90),(38,4732689,'1976-05-20 19:07:18','1986-08-13 19:21:34',NULL,2400.68),(70,4739678,'2020-07-16 09:00:06','2007-11-22 15:40:44',NULL,11338.10),(32,4969350,'1985-11-02 04:58:02','2012-11-17 19:39:29',NULL,7.52),(63,5139983,'2015-02-05 19:01:43','1999-02-02 06:55:55',NULL,1380.78),(29,5172614,'2012-09-10 01:40:01','2001-07-01 16:26:37',NULL,404.98),(46,5372072,'1987-05-05 10:37:33','1981-02-08 23:51:32',NULL,67453248.97),(71,5410439,'1983-11-16 23:36:11','1984-12-15 21:17:27',NULL,7096.20),(52,5446067,'2013-07-12 13:36:28','1977-04-20 18:38:35',NULL,1266181.52),(35,5469509,'2021-03-02 21:24:38','1985-12-23 06:57:40',NULL,37592092.00),(23,5500981,'2018-07-21 20:40:02','1993-03-16 09:56:57',NULL,0.33),(7,5513606,'2021-03-01 12:48:17','2017-01-15 22:47:26',NULL,5.18),(62,5649358,'2014-06-20 15:22:58','1999-06-07 20:08:30',NULL,0.00),(4,5776906,'1987-01-27 05:33:14','2007-03-11 13:35:28',NULL,7708.50),(41,5869106,'2018-07-11 08:52:26','1986-11-03 05:21:23',NULL,193507.98),(9,5870304,'1998-07-14 22:47:49','2002-05-08 09:04:18',NULL,177.30),(69,6085107,'2008-03-28 18:03:53','1971-11-30 12:52:50',NULL,32629205.13),(18,6121153,'2009-02-16 00:11:38','2013-12-05 06:21:46',NULL,2141.70),(15,6307090,'2009-04-19 05:43:37','1981-09-10 13:54:17',NULL,385219440.82),(44,6362655,'2001-02-26 19:34:23','1991-09-24 21:30:19',NULL,1736866.65),(10,6415451,'1992-12-02 11:10:14','2000-06-20 03:25:27',NULL,87447.60),(43,6640255,'2017-11-11 14:27:34','1991-06-03 12:33:43',NULL,47374.50),(33,6930267,'2004-03-04 17:22:50','2009-11-16 07:38:46',NULL,250400.43),(61,7041542,'2020-07-27 12:42:55','2003-04-10 01:21:49',NULL,15006314.97),(65,7045052,'1996-09-22 12:30:17','1983-12-12 17:37:22',NULL,30980.56),(73,7222287,'1980-12-05 04:50:05','2002-03-24 19:23:46',NULL,55926343.65),(28,7416167,'2011-10-18 23:20:23','2003-09-07 11:36:24',NULL,546763.08),(58,7464048,'1978-10-10 21:57:48','1992-06-26 08:07:05',NULL,5415.11),(27,7517031,'1982-06-07 20:36:17','1975-04-13 11:00:15',NULL,722.95),(40,7675263,'1985-04-10 10:51:59','1996-08-03 15:54:23',NULL,0.00),(30,7690827,'2021-03-02 19:35:35','2012-11-16 08:01:33',NULL,966887.99),(67,7808778,'1983-08-30 01:36:09','1975-01-04 14:09:29',NULL,17318.51),(45,7957734,'1981-07-21 02:30:02','1995-01-08 23:59:10',NULL,23.58),(19,8064386,'2016-05-25 11:14:22','1988-04-20 02:02:39',NULL,5.63),(3,8195388,'2001-07-23 17:27:52','1999-06-06 06:04:00',NULL,269.98),(6,8242703,'2006-03-29 05:15:27','1987-05-18 20:17:13',NULL,1009327.98),(31,8375079,'1985-01-08 12:33:54','2005-01-16 05:40:27',NULL,0.00),(42,8460435,'2010-03-27 12:33:53','1988-08-16 22:06:38',NULL,0.00),(56,8512586,'1980-03-08 11:52:14','1998-11-17 22:14:12',NULL,3321581.97),(22,8668406,'2017-11-17 16:59:06','2016-03-06 15:20:40',NULL,22366.83),(72,8689224,'2000-03-10 10:28:36','1983-11-14 14:55:47',NULL,429974.12),(51,8828790,'2019-07-04 17:37:00','1990-11-12 15:18:37',NULL,5565.44),(12,9050828,'1971-05-05 17:02:09','1984-03-20 21:21:44',NULL,781975.00),(47,9124932,'1998-04-07 11:42:02','2018-08-03 11:46:33',NULL,1.80),(13,9360519,'1997-06-15 02:42:45','2010-02-20 05:09:07',NULL,1700584.15),(14,9753421,'1996-11-22 06:00:10','1978-09-19 18:29:38',NULL,271.26);
/*!40000 ALTER TABLE `deposit` ENABLE KEYS */;
UNLOCK TABLES;

--
-- Table structure for table `my_share`
--

DROP TABLE IF EXISTS `my_share`;
/*!40101 SET @saved_cs_client     = @@character_set_client */;
/*!40101 SET character_set_client = utf8 */;
CREATE TABLE `my_share` (
  `brocer_account_my_share` int(10) unsigned NOT NULL,
  `share_my_share` int(10) unsigned NOT NULL,
  `purchase_day` datetime NOT NULL DEFAULT current_timestamp(),
  `sale_day` datetime DEFAULT NULL,
  `purchase_price` decimal(64,2) unsigned NOT NULL,
  `price_now` decimal(64,2) unsigned NOT NULL,
  `quantity_my_share` int(10) unsigned NOT NULL,
  KEY `fk_share_myshare_idx` (`share_my_share`),
  KEY `fk_broker_share` (`brocer_account_my_share`),
  CONSTRAINT `fk_broker_share` FOREIGN KEY (`brocer_account_my_share`) REFERENCES `broker_account` (`broker_id_profile_id`) ON DELETE NO ACTION ON UPDATE NO ACTION,
  CONSTRAINT `fk_share_myshare` FOREIGN KEY (`share_my_share`) REFERENCES `share` (`id_share`) ON DELETE NO ACTION ON UPDATE NO ACTION
) ENGINE=InnoDB DEFAULT CHARSET=utf8;
/*!40101 SET character_set_client = @saved_cs_client */;

--
-- Dumping data for table `my_share`
--

LOCK TABLES `my_share` WRITE;
/*!40000 ALTER TABLE `my_share` DISABLE KEYS */;
INSERT INTO `my_share` VALUES (1,1,'2005-07-04 07:41:36',NULL,29.26,10865606.92,6),(2,2,'2011-05-11 16:22:27',NULL,0.00,7.36,6),(3,3,'1973-09-11 09:12:05',NULL,0.00,7.03,8),(4,4,'2000-02-04 23:09:30',NULL,75102134.86,2663.00,7),(5,5,'1994-10-09 05:12:05',NULL,755.52,148319907.00,2),(6,6,'1995-08-06 12:22:51',NULL,326.50,249.65,7),(7,7,'1994-07-01 22:22:43',NULL,221.86,0.00,5),(8,8,'1974-03-01 19:07:01',NULL,1717290.19,489646.68,7),(9,9,'2016-10-12 20:56:52',NULL,0.00,2243.20,3),(10,10,'1985-05-08 06:05:24',NULL,482.35,6631.14,7),(11,11,'1976-02-18 08:20:42',NULL,418.21,1522.18,4),(12,12,'1996-06-14 08:06:51',NULL,4.00,16281212.77,6),(13,13,'1986-01-19 17:25:52',NULL,1.63,14364095.00,6),(14,14,'1993-03-20 10:33:38',NULL,19098.03,86.90,7),(15,15,'1988-01-11 02:35:34',NULL,571.89,30.00,9),(16,16,'1980-04-14 02:55:43',NULL,178638616.23,98225.00,8),(17,17,'1974-04-24 00:23:50',NULL,1361.06,0.00,5),(18,18,'2011-03-08 17:02:09',NULL,6810.65,42.42,9),(19,19,'1976-05-04 12:25:54',NULL,1.04,25.90,5),(20,20,'2004-04-19 15:10:00',NULL,4266900.25,37.72,3),(21,21,'1981-11-28 21:31:07',NULL,1627.40,123.76,5),(22,22,'1996-03-10 14:30:09',NULL,461314.42,0.00,8),(23,23,'2009-12-21 02:36:21',NULL,4466485.74,10399.02,2),(24,24,'1970-09-19 08:11:46',NULL,0.00,3960128.90,8),(25,25,'2007-12-04 08:06:38',NULL,63439531.29,153.00,1),(1,26,'2007-05-14 07:40:30',NULL,65969708.90,2933862.35,5),(2,27,'1999-02-14 13:54:19',NULL,0.60,9832.65,2),(3,28,'2019-11-08 19:48:54',NULL,0.00,510.00,9),(4,29,'2015-02-01 17:06:20',NULL,332430107.49,0.00,4),(5,30,'1996-01-02 00:04:37',NULL,31657.23,1.60,5),(6,31,'2020-01-19 10:16:58',NULL,607783588.07,2.17,3),(7,32,'2016-07-14 20:13:20',NULL,18716846.72,448024.33,1),(8,33,'2013-07-20 16:26:04',NULL,3647.00,1605270.80,8),(9,34,'1980-02-20 23:43:55',NULL,232.96,706561758.13,2),(10,35,'2007-08-18 15:39:43',NULL,787301.70,1.00,3),(11,36,'2003-10-25 08:35:03',NULL,3254433.99,20429.27,3),(12,37,'1980-12-31 05:54:26',NULL,55650.00,60.00,9),(13,38,'2003-03-09 21:23:35',NULL,0.05,5665.16,8),(14,39,'2013-11-13 10:32:57',NULL,21966828.68,3.92,2),(15,40,'1980-07-06 08:54:01',NULL,3164.00,0.00,7),(16,41,'2004-10-17 05:12:56',NULL,101392.00,1.42,3),(17,42,'2005-09-09 17:45:48',NULL,42152644.09,211.80,9),(18,43,'2007-05-23 05:44:57',NULL,114.27,243670883.80,3),(19,44,'1994-03-03 02:36:48',NULL,3963.04,149013.61,4),(20,45,'1993-07-04 10:13:54',NULL,71.88,141066340.21,7),(21,46,'2002-05-29 07:16:16',NULL,0.00,0.00,4),(22,47,'2001-05-09 03:29:08',NULL,84426.95,181.83,3),(23,48,'2021-06-07 17:43:11',NULL,3937.87,776020.59,8),(24,49,'1975-07-04 14:58:26',NULL,4281.13,2.00,2),(25,50,'1998-01-18 12:28:08',NULL,203.84,21931248.10,1),(1,51,'2008-02-28 23:17:22',NULL,6076408.00,4.68,7),(2,52,'1979-08-01 21:17:28',NULL,1992.00,1.21,7),(3,53,'1990-03-02 21:28:43',NULL,93474140.20,149319.36,6),(4,54,'1973-01-24 04:14:08',NULL,0.00,28579.60,9),(5,55,'1989-12-14 00:10:34',NULL,266701.00,277980.36,8),(6,56,'2012-11-29 07:49:54',NULL,4712.75,24620.25,6),(7,57,'2008-04-01 15:48:09',NULL,142670864.61,54503.30,4),(8,58,'2001-09-10 09:31:46',NULL,23379643.29,341.12,6),(9,59,'1995-09-23 08:39:10',NULL,66.00,0.00,5),(10,60,'1983-03-30 07:55:16',NULL,0.00,0.00,9),(11,61,'1978-08-16 01:48:43',NULL,9713.90,159.62,7),(12,62,'1991-08-31 14:12:06',NULL,391746.19,10410.21,1),(13,63,'2017-01-14 01:09:14',NULL,0.00,6977.32,2),(14,64,'1975-01-11 21:10:41',NULL,0.00,5503109.07,6),(15,65,'2009-09-30 23:19:36',NULL,2.67,0.00,6),(16,66,'2021-05-11 21:03:59',NULL,846.76,0.00,9),(17,67,'2008-07-30 14:24:18',NULL,13385896.81,827872939.00,7),(18,68,'1976-01-06 21:25:01',NULL,9227.84,1504760.26,6),(19,69,'2014-10-15 10:40:54',NULL,502405890.98,2650566.03,4),(20,70,'2001-01-28 16:11:55',NULL,2.00,8762.30,8),(21,71,'1998-09-01 17:07:46',NULL,1434050.80,11009.43,8),(22,72,'1990-11-08 09:40:47',NULL,645.44,64.00,4),(23,73,'2013-08-08 08:44:40',NULL,3543188.01,689.77,6),(24,74,'1987-01-29 13:27:53',NULL,28169168.14,9649.03,9),(25,75,'1998-07-20 15:04:38',NULL,61724.58,4929214.00,5),(1,76,'1976-10-19 22:10:22',NULL,60.14,1042.33,2),(2,77,'1985-10-04 10:28:51',NULL,25007.50,221562607.30,7),(3,78,'1983-01-30 01:09:01',NULL,5.60,4.39,4),(4,79,'1998-04-30 22:32:14',NULL,1330163.38,629222.99,7),(5,80,'1981-05-22 06:39:19',NULL,55301612.02,692358.47,6),(6,81,'1989-11-28 05:29:32',NULL,17473.30,96472.95,8),(7,82,'1988-09-28 11:32:59',NULL,1155079.24,49827.77,5),(8,83,'2019-03-19 23:31:38',NULL,0.88,43641.21,5),(9,84,'1986-08-18 18:33:13',NULL,778140.06,0.00,9),(10,85,'2014-08-26 00:43:34',NULL,137.36,1339.00,7),(11,86,'2007-09-25 23:36:32',NULL,434.62,0.00,6),(12,87,'1999-07-28 12:04:27',NULL,9620.54,132996573.15,5),(13,88,'2002-04-13 05:00:27',NULL,0.00,8253921.64,5),(14,89,'2007-08-21 19:52:57',NULL,2314.16,169568.00,3),(15,90,'1983-09-26 07:52:28',NULL,866.25,10006.00,2),(16,91,'1985-02-23 22:04:52',NULL,2956753.80,0.00,9),(17,92,'1984-03-25 21:50:56',NULL,33245017.67,0.00,6),(18,93,'1987-02-01 21:54:19',NULL,0.00,220.00,2),(19,94,'2004-01-02 18:59:55',NULL,2135744.70,640194.69,4),(20,95,'2012-02-17 23:26:00',NULL,2713.74,786274200.31,7),(21,96,'2002-05-04 15:10:07',NULL,4053976.52,738.95,5),(22,97,'2015-11-20 01:21:24',NULL,0.00,128611415.60,3),(23,98,'2010-01-02 07:57:09',NULL,2179.17,192746937.70,3),(24,99,'1979-04-20 15:38:22',NULL,5481135.00,486501397.00,4),(25,100,'1976-07-09 09:37:18',NULL,288.20,166099.89,6);
/*!40000 ALTER TABLE `my_share` ENABLE KEYS */;
UNLOCK TABLES;

--
-- Table structure for table `profile`
--

DROP TABLE IF EXISTS `profile`;
/*!40101 SET @saved_cs_client     = @@character_set_client */;
/*!40101 SET character_set_client = utf8 */;
CREATE TABLE `profile` (
  `id_profile_user` int(10) unsigned NOT NULL,
  `firstname` varchar(245) NOT NULL,
  `lastname` varchar(245) NOT NULL,
  `gender` enum('f','m') NOT NULL,
  `birthday` date NOT NULL,
  `updated_at` datetime DEFAULT NULL ON UPDATE current_timestamp(),
  PRIMARY KEY (`id_profile_user`),
  CONSTRAINT `fk_profile_user` FOREIGN KEY (`id_profile_user`) REFERENCES `user` (`id`) ON DELETE NO ACTION ON UPDATE NO ACTION
) ENGINE=InnoDB DEFAULT CHARSET=utf8;
/*!40101 SET character_set_client = @saved_cs_client */;

--
-- Dumping data for table `profile`
--

LOCK TABLES `profile` WRITE;
/*!40000 ALTER TABLE `profile` DISABLE KEYS */;
INSERT INTO `profile` VALUES (1,'Bertram','Pfeffer','f','2018-12-01','1982-10-15 11:20:46'),(2,'Laurel','Hermiston','f','1997-06-18','1995-04-03 23:44:34'),(3,'Vita','Cormier','m','1976-02-20','1973-01-22 23:56:11'),(4,'Colt','Blick','m','1981-01-03','2006-01-06 03:05:13'),(5,'Tevin','Hand','m','1997-12-22','1973-07-06 08:37:16'),(6,'Lowell','Kunde','f','1979-08-11','1980-08-07 22:18:30'),(7,'Floyd','Schultz','m','2009-08-14','2017-05-17 11:31:11'),(8,'Ben','Cummerata','f','1978-08-04','1977-06-15 18:11:24'),(9,'Elroy','Collier','f','2007-09-03','2008-03-19 14:36:13'),(10,'Rhett','Greenholt','m','2006-04-05','1998-01-26 16:30:18'),(11,'Travon','Schuster','m','1996-03-24','1977-03-16 09:41:43'),(12,'Alvis','Fritsch','f','2016-02-25','2005-05-17 02:18:48'),(13,'Cynthia','Heathcote','f','2018-10-26','2011-06-01 03:44:58'),(14,'Curt','Jakubowski','m','2004-10-04','2019-09-15 05:45:13'),(15,'Amber','Bahringer','f','2012-09-21','2003-10-28 10:14:31'),(16,'Horacio','Douglas','m','2018-12-24','2000-12-08 03:43:53'),(17,'Shayne','Herzog','f','1981-02-16','1996-02-28 08:13:14'),(18,'Aditya','Kunze','m','2002-06-01','1996-02-21 17:45:14'),(19,'Harold','Heidenreich','f','2004-05-18','1993-10-06 06:23:49'),(20,'Torrance','Grant','m','1982-05-21','1975-08-11 23:21:16'),(21,'Malika','Aufderhar','m','1989-02-27','2014-02-08 12:15:31'),(22,'Ervin','Rice','m','2005-03-16','1990-10-11 18:10:46'),(23,'Murl','Jaskolski','m','1985-01-24','1980-04-06 13:30:07'),(24,'Shana','West','m','2012-09-11','1978-04-10 16:39:03'),(25,'Cheyanne','Huel','f','1997-11-06','2007-04-29 18:07:00'),(26,'Saul','Lockman','m','2007-06-06','2018-01-13 01:29:39'),(27,'Lonnie','Graham','f','1984-07-17','1973-04-03 06:59:06'),(28,'Alexandria','Cartwright','m','1979-06-24','2006-04-01 00:01:50'),(29,'Rachael','Cronin','f','1975-11-07','2009-12-26 18:30:44'),(30,'Halie','Quigley','m','2006-08-16','2015-11-22 08:47:25'),(31,'Delmer','Quitzon','m','2014-01-26','1980-10-06 15:06:36'),(32,'Bryana','Wyman','f','1975-07-25','2005-09-13 14:30:48'),(33,'Kyler','Smitham','f','1998-09-22','2010-05-20 09:29:54'),(34,'Madison','Beer','f','2012-10-12','2005-10-03 20:24:23'),(35,'Lily','Mann','m','2006-07-03','2012-10-15 01:09:18'),(36,'Caroline','Green','m','1997-04-10','1992-11-08 08:53:34'),(37,'Lily','O\'Reilly','f','1994-07-17','1982-03-08 06:02:03'),(38,'Garrick','Reilly','f','2002-08-04','2003-05-29 01:43:43'),(39,'Domenica','Schaefer','m','2010-12-14','1985-09-21 08:57:59'),(40,'Christa','Konopelski','f','1998-01-14','1998-11-19 20:55:53'),(41,'Dimitri','Hauck','f','1992-03-17','1995-04-09 00:42:21'),(42,'Heidi','Langworth','f','1998-04-01','2000-04-12 20:36:12'),(43,'Nicholas','Gleason','m','1992-11-10','1976-03-12 20:48:48'),(44,'Joanny','Crooks','m','2008-03-07','1996-05-01 20:02:55'),(45,'Otis','VonRueden','m','2017-09-19','1970-12-14 00:16:00'),(46,'Amiya','Yost','m','1972-08-22','2009-04-18 05:35:33'),(47,'Wyman','Ward','m','1971-07-08','1972-12-06 17:16:26'),(48,'Lilliana','Yundt','f','2002-05-01','2001-10-23 06:21:48'),(49,'Maynard','Hermann','m','2005-10-05','2015-06-09 16:04:41'),(50,'Geoffrey','Jerde','f','1979-01-23','2014-07-23 22:27:55'),(51,'Irving','Murazik','m','2010-04-26','2016-10-01 16:09:41'),(52,'Annamarie','Hane','m','2011-03-23','2000-05-05 20:06:25'),(53,'Kyla','Hand','m','1987-01-20','1972-08-19 21:36:36'),(54,'Stanley','Boyle','f','2000-01-22','1974-07-05 12:57:49'),(55,'Lois','Prohaska','f','1989-05-25','1984-11-15 14:32:56'),(56,'Esteban','Reichel','f','1990-01-15','2011-04-15 23:57:25'),(57,'Crystel','Simonis','m','2000-12-01','1995-11-09 06:39:34'),(58,'Vincent','Volkman','f','1972-10-31','1970-02-22 20:50:29'),(59,'Corene','McCullough','m','1970-04-14','1994-01-24 21:39:16'),(60,'Robb','Jacobson','m','2001-08-06','2004-08-23 02:59:44'),(61,'Vernice','Pacocha','m','1996-06-18','2008-05-07 23:03:30'),(62,'Lora','Krajcik','f','2001-10-31','1980-03-01 22:45:59'),(63,'Adolph','Mills','m','2017-12-26','1989-08-24 05:15:25'),(64,'Verna','Conroy','f','2017-07-04','2018-09-03 07:07:36'),(65,'Johnpaul','Dietrich','m','2019-01-15','1985-12-28 03:36:18'),(66,'Agnes','Hills','m','2017-02-14','1989-02-18 15:40:41'),(67,'Gilberto','Kuhic','f','1978-01-17','2021-06-21 19:53:34'),(68,'Domingo','Dietrich','f','2010-12-05','1981-06-19 02:12:07'),(69,'Jeanie','Rempel','m','1997-03-03','1972-08-13 19:34:50'),(70,'Matteo','Quitzon','m','1988-07-31','1993-09-24 03:46:53'),(71,'Leif','Cummerata','f','1986-03-06','2020-11-28 10:59:30'),(72,'Troy','Runolfsdottir','f','1991-11-12','2013-02-06 09:10:06'),(73,'Reyes','Gorczany','m','1983-04-22','1983-08-23 06:22:17'),(74,'Bridget','Schiller','f','2007-05-18','1984-05-29 21:20:01'),(75,'Marion','Howe','f','2002-02-18','1989-03-05 03:01:59'),(76,'Rosalyn','Batz','f','1981-12-04','1972-12-19 18:08:02'),(77,'Monte','Pacocha','m','2007-06-13','1977-09-11 03:08:00'),(78,'Astrid','Bogan','f','1982-08-12','1979-05-18 17:00:51'),(79,'Jaydon','Sawayn','m','2014-05-28','1981-02-14 03:51:02'),(80,'Eleanora','Kshlerin','m','1971-12-07','1977-11-25 16:59:26'),(81,'Francesco','Padberg','f','1985-02-16','2003-07-07 18:48:29'),(82,'Archibald','Wehner','m','1981-02-10','2011-04-04 17:33:18'),(83,'Garett','Kris','m','1979-07-19','2017-12-29 07:02:27'),(84,'Gordon','Bogisich','m','1993-04-25','1998-07-30 20:37:09'),(85,'Isac','Grimes','f','1990-01-24','2003-01-14 11:29:38'),(86,'Joshuah','Kerluke','m','2005-03-25','1990-12-16 23:07:07'),(87,'Rod','Zieme','f','1972-06-15','1999-10-02 21:39:28'),(88,'Nora','D\'Amore','m','1975-06-27','1971-08-28 20:06:24'),(89,'Virgil','Conn','m','2011-04-04','1984-12-30 08:50:49'),(90,'Erich','Ankunding','f','1998-06-12','1997-03-30 11:13:33'),(91,'Juwan','Toy','f','1976-09-26','2008-08-17 14:12:57'),(92,'Marisol','Balistreri','m','2008-08-20','1995-04-24 10:08:33'),(93,'Kyleigh','Jerde','m','2009-06-18','1998-12-31 23:17:24'),(94,'Alexander','Braun','f','2001-08-06','1977-04-21 06:19:47'),(95,'Kody','Bogisich','m','1976-03-22','1997-11-27 13:08:55'),(96,'Elvera','Weber','m','1971-10-05','1975-10-21 14:14:47'),(97,'Kelton','Upton','m','1972-08-21','2016-02-26 12:12:45'),(98,'Hank','Funk','m','2013-01-14','1977-10-30 17:59:53'),(99,'Dorris','Williamson','f','2002-03-26','2001-02-22 16:13:07'),(100,'Leonor','Koss','m','1996-12-20','2013-06-15 04:27:39');
/*!40000 ALTER TABLE `profile` ENABLE KEYS */;
UNLOCK TABLES;

--
-- Table structure for table `receipt`
--

DROP TABLE IF EXISTS `receipt`;
/*!40101 SET @saved_cs_client     = @@character_set_client */;
/*!40101 SET character_set_client = utf8 */;
CREATE TABLE `receipt` (
  `receipt_id_profile_id` int(10) unsigned NOT NULL,
  `receipt_id_com_services_id` int(10) unsigned NOT NULL,
  `contract` bigint(19) unsigned NOT NULL,
  `receipt_created_at` datetime NOT NULL DEFAULT current_timestamp(),
  `receipt_updated_at` datetime DEFAULT NULL ON UPDATE current_timestamp(),
  `status` tinyint(1) NOT NULL,
  `receipt_sum` decimal(64,2) DEFAULT NULL,
  UNIQUE KEY `contract_UNIQUE` (`contract`),
  KEY `fk_receipt_profile1_idx` (`receipt_id_profile_id`),
  KEY `fk_receipt_com_services1_idx` (`receipt_id_com_services_id`),
  CONSTRAINT `fk_receipt_com_services1` FOREIGN KEY (`receipt_id_com_services_id`) REFERENCES `com_services` (`id_com_services`) ON DELETE NO ACTION ON UPDATE NO ACTION,
  CONSTRAINT `fk_receipt_profile1` FOREIGN KEY (`receipt_id_profile_id`) REFERENCES `profile` (`id_profile_user`) ON DELETE NO ACTION ON UPDATE NO ACTION
) ENGINE=InnoDB DEFAULT CHARSET=utf8;
/*!40101 SET character_set_client = @saved_cs_client */;

--
-- Dumping data for table `receipt`
--

LOCK TABLES `receipt` WRITE;
/*!40000 ALTER TABLE `receipt` DISABLE KEYS */;
INSERT INTO `receipt` VALUES (7,10,1008756000,'1975-02-25 06:13:04','1997-01-24 05:45:29',1,1437.96),(84,2,1096284401,'2019-04-28 21:53:30','2017-01-23 12:53:14',0,0.59),(39,8,1100141752,'2021-06-26 16:15:35','1980-09-22 14:51:54',1,8.56),(81,6,1161146405,'1998-07-16 13:58:59','1981-06-28 11:26:18',0,0.00),(57,8,1170374712,'1983-11-17 14:10:58','1994-03-09 12:25:36',1,26990.00),(94,10,1178081822,'1980-02-18 14:27:20','1991-04-28 14:52:27',0,385265856.45),(16,6,1255382570,'2020-12-01 04:14:11','2007-02-11 23:24:49',1,121381399.57),(14,4,1333189690,'2004-10-23 14:08:14','1975-08-14 16:48:40',1,269272.34),(55,4,1497351028,'1995-06-26 18:10:45','2017-09-09 05:37:17',1,0.00),(93,10,1621048163,'1993-06-12 22:15:20','2017-04-24 19:07:00',0,103.56),(63,8,1689360309,'2020-10-19 05:25:11','1994-03-13 23:05:11',1,55529.50),(44,8,1776703181,'1990-12-19 18:17:31','1994-02-21 07:38:23',0,0.00),(57,6,1865861037,'1991-07-02 07:06:46','1988-10-15 19:46:00',1,2.47),(91,3,1897706678,'2018-06-26 15:22:02','1995-12-02 00:26:03',1,64552208.37),(5,1,1942006155,'1972-06-20 09:02:14','2006-07-17 12:10:53',1,976733.10),(29,1,1943164161,'2000-09-25 20:54:49','2018-11-09 04:01:36',1,12.38),(55,9,1956093255,'1980-09-04 00:17:05','2005-09-16 13:51:53',1,358660.21),(74,6,2087810719,'1978-03-29 18:47:28','1983-01-12 00:13:25',0,47382.72),(22,7,2139523927,'1991-11-29 13:08:03','2003-06-30 20:49:21',1,2044373.00),(60,4,2210249571,'2008-02-20 12:46:33','1979-02-05 15:21:57',1,867.00),(6,7,2216155895,'1990-06-10 07:06:11','1981-07-04 19:03:10',1,0.00),(16,10,2314163997,'1993-10-08 12:30:55','1972-12-09 07:19:20',1,4.60),(77,7,2338205961,'1971-03-20 15:09:19','1980-01-07 04:40:01',0,31725.47),(73,8,2666350777,'1995-06-04 20:43:12','2001-05-03 20:25:03',0,5295.00),(60,10,2679342903,'1993-03-09 17:20:07','1986-09-07 20:20:11',0,267.55),(16,7,2840901845,'2014-02-05 07:04:11','2021-02-05 13:34:13',0,677.61),(14,4,2878023228,'2007-01-12 00:47:59','1979-11-11 14:57:42',1,1.23),(19,3,2920011823,'1981-01-12 12:59:12','1996-07-24 00:54:31',0,15.00),(22,1,3166042935,'2001-06-18 06:54:23','1988-02-29 11:22:31',0,237659498.41),(89,7,3293328836,'2011-08-20 01:15:22','2010-11-06 04:03:16',0,0.00),(71,9,3388827106,'1999-04-06 12:49:53','1991-08-01 20:19:58',1,96603261.89),(95,9,3526318046,'2019-09-13 10:55:27','2017-04-23 11:22:53',0,0.00),(53,9,3562432439,'1992-03-15 05:38:20','2003-06-23 02:09:07',0,0.50),(11,4,3567647090,'1986-10-08 19:10:49','2021-06-04 15:35:31',0,71183.55),(62,4,3595486336,'1985-06-13 00:40:58','1986-05-22 14:59:21',1,29958.87),(68,3,3876840561,'1986-05-03 21:13:47','2017-10-14 06:56:04',0,919883.84),(100,5,3930765938,'2014-06-20 15:03:39','2004-10-04 13:50:09',0,5324.82),(63,7,3968138937,'1992-06-11 11:26:45','1994-12-01 22:39:58',1,279336.99),(100,3,4175350434,'1974-11-10 03:57:43','2009-11-06 14:25:21',1,0.00),(47,1,4369647677,'2005-04-25 14:29:26','2011-06-05 07:38:32',0,14760283.00),(11,10,4482734533,'2017-03-23 04:30:23','2015-09-15 04:29:18',1,6802.17),(33,6,4545291082,'2004-06-01 01:37:52','2016-09-10 17:56:37',1,3.06),(80,5,4599451173,'2006-04-23 14:01:19','2010-11-30 16:06:25',1,2811082.20),(25,8,4626210574,'2002-04-23 16:37:31','1988-08-05 22:21:19',0,259.38),(14,1,4785572900,'2004-12-27 02:20:20','1991-06-23 06:08:28',1,213658.49),(26,3,4789927433,'1997-05-10 05:08:37','1990-11-10 07:03:32',0,9379.05),(14,1,4990598212,'1978-02-18 05:48:30','2012-07-23 03:46:28',0,9.99),(96,9,5000882099,'1996-04-23 19:01:02','1988-07-13 07:21:48',0,6.24),(19,9,5129556303,'1970-09-15 21:08:00','1982-07-21 09:41:57',1,7718.71),(10,9,5219315363,'1975-12-01 16:57:21','1979-10-17 17:05:37',0,68422338.63),(80,10,5316715530,'2020-07-01 17:22:25','2007-04-05 04:05:06',1,3048.11),(73,10,5502706394,'1978-08-31 12:47:06','1995-11-12 16:47:46',0,1.00),(43,1,5625185123,'1976-01-30 13:35:29','1994-09-03 17:17:00',1,702335565.02),(7,5,5686719361,'1990-09-07 22:18:58','2000-04-20 20:33:58',1,0.00),(9,6,5697744778,'2013-06-16 08:19:14','1997-04-06 06:36:27',0,111.34),(52,2,5699025671,'2006-09-18 11:27:43','2001-04-24 18:33:44',1,132778846.00),(84,2,5721625763,'1987-09-10 04:26:42','1982-03-21 15:55:21',0,0.00),(9,2,5963967270,'2001-10-28 15:02:20','1989-01-08 10:02:25',0,0.00),(45,6,6022025319,'1986-11-12 00:25:33','1973-08-29 03:49:34',1,22468170.58),(10,2,6114542138,'2000-02-22 02:35:18','2009-12-14 20:49:09',1,2.89),(77,5,6198538963,'1981-12-20 09:00:50','1986-02-11 00:54:03',1,55078.10),(89,4,6339174042,'2001-09-21 12:28:44','1994-03-28 14:34:35',0,81494.58),(9,8,6340331822,'2015-12-03 07:55:06','1980-04-01 19:33:50',0,5878828.67),(21,1,6456870287,'1988-07-07 12:12:45','2021-03-20 14:45:30',1,980.36),(76,4,6632993749,'1983-11-20 12:12:32','1988-11-14 06:38:53',0,7106.39),(33,2,6728766515,'1982-12-24 11:41:34','1992-09-24 21:19:58',1,97.00),(36,1,6772930218,'1993-12-21 18:02:30','1985-10-20 00:10:39',0,0.00),(6,8,6781634837,'1994-11-06 20:39:51','2016-02-01 02:36:00',1,0.00),(6,7,6843847242,'2008-03-05 15:25:53','2004-09-12 20:00:17',1,1973040.27),(86,3,6931053472,'1975-11-19 00:17:04','2003-04-24 16:15:48',1,66767950.39),(95,9,7017099076,'1972-12-14 06:29:38','2006-06-23 02:38:04',0,31950.59),(57,10,7329304907,'1975-07-14 21:11:02','2017-05-22 13:30:21',0,7963913.81),(76,7,7417528629,'1970-10-10 14:35:24','1974-01-18 22:29:21',0,10942.74),(6,2,7537619743,'1972-01-26 22:05:24','1973-12-28 21:56:50',0,84.18),(100,2,7781057608,'1989-08-17 04:30:28','1976-07-29 18:17:03',1,1784.23),(70,1,7877705377,'1993-11-13 11:01:59','2010-08-13 01:25:56',0,3.87),(16,5,7914486953,'1992-09-20 12:30:07','1974-05-11 07:28:53',1,2984145.47),(99,6,8154084020,'1977-07-14 16:59:54','1978-08-11 15:39:16',0,991945.69),(21,8,8236479344,'2011-04-14 17:00:30','1995-06-11 19:48:53',0,112794374.03),(72,4,8281405410,'1972-01-03 22:32:34','1970-10-20 19:55:47',0,222989.80),(59,10,8491991076,'2015-12-11 12:29:39','2018-06-30 22:16:43',0,1756144.00),(13,6,8520568642,'2009-09-11 03:27:45','1997-05-21 03:35:18',1,20957.11),(66,5,8571659795,'1995-03-16 10:44:54','1998-12-02 07:10:25',1,77287383.35),(97,5,8717866787,'2003-11-28 19:24:50','1979-12-22 17:50:49',1,2402.80),(9,7,8824673247,'1994-09-21 01:16:05','2019-04-22 11:32:31',0,1.22),(58,3,8825570093,'1979-03-28 10:38:39','2016-05-18 17:48:45',0,47833424.17),(23,8,8841228628,'1991-12-09 00:39:40','2007-02-11 13:09:41',0,158.36),(13,2,8905683033,'2020-06-06 03:59:45','1970-06-29 01:43:02',1,1949.00),(15,7,9001895383,'1988-09-11 14:48:05','1972-04-25 00:35:34',0,3300.71),(91,4,9086394095,'1976-09-03 10:15:53','1982-01-07 09:12:34',1,9433263.49),(30,3,9095539322,'2007-11-18 14:41:46','1981-02-22 04:57:53',1,4456896.86),(8,2,9263790182,'1972-12-26 06:34:34','1970-08-15 08:19:24',0,6604347.39),(65,3,9272398815,'2010-09-27 15:21:32','1988-12-26 23:38:25',0,190507.76),(75,5,9293834263,'1983-01-24 19:31:19','1971-03-24 23:21:59',1,16683.00),(22,5,9318710285,'1979-03-17 16:01:59','1978-10-12 23:33:14',1,4357962.10),(85,9,9427279220,'1993-05-17 08:23:05','1973-12-27 22:09:32',1,36314569.05),(20,5,9437887331,'1998-04-11 21:30:11','1985-08-13 10:00:45',1,724283.27),(87,3,9443279640,'2002-02-22 07:19:35','1992-02-25 14:42:57',1,340128.38),(6,9,9451975597,'1993-01-11 19:58:56','1993-06-19 22:04:48',1,10552.32),(62,6,9808659045,'1982-12-08 18:05:44','1999-08-15 14:40:45',0,122.66);
/*!40000 ALTER TABLE `receipt` ENABLE KEYS */;
UNLOCK TABLES;

--
-- Table structure for table `share`
--

DROP TABLE IF EXISTS `share`;
/*!40101 SET @saved_cs_client     = @@character_set_client */;
/*!40101 SET character_set_client = utf8 */;
CREATE TABLE `share` (
  `id_share` int(10) unsigned NOT NULL AUTO_INCREMENT,
  `share_code` varchar(10) NOT NULL,
  `share_fullname` varchar(245) DEFAULT NULL,
  `share_shortname` varchar(50) NOT NULL,
  `share_isin` varchar(10) NOT NULL,
  `share_created_at` datetime NOT NULL,
  `share_lot` enum('1','10','100','1000') NOT NULL,
  `share_listing` enum('1','2','3') NOT NULL,
  `share_nominal` decimal(64,2) unsigned NOT NULL,
  `share_price_now` decimal(64,2) unsigned NOT NULL,
  `ishare_ssue volume` bigint(19) unsigned NOT NULL,
  PRIMARY KEY (`id_share`),
  UNIQUE KEY `share_name_UNIQUE` (`share_code`)
) ENGINE=InnoDB AUTO_INCREMENT=101 DEFAULT CHARSET=utf8;
/*!40101 SET character_set_client = @saved_cs_client */;

--
-- Dumping data for table `share`
--

LOCK TABLES `share` WRITE;
/*!40000 ALTER TABLE `share` DISABLE KEYS */;
INSERT INTO `share` VALUES (1,'repellat','Implemented cohesive task-force','quae','8869406408','1983-06-06 12:13:57','1000','2',417.00,979.75,0),(2,'nulla','Distributed foreground extranet','explicabo','8869590656','1989-12-28 02:54:51','1','2',547.00,6.47,0),(3,'quia','Customizable mobile GraphicInterface','adipisci','8737237015','2000-08-04 15:02:59','100','1',607.00,777655.97,0),(4,'rerum','User-friendly eco-centric hardware','repellat','3910684720','2002-06-29 08:06:39','1','2',963.00,112526.51,0),(5,'eos','Self-enabling cohesive frame','aut','5311971418','1989-01-02 15:05:54','1','3',149.00,518.91,0),(6,'facilis','Persistent uniform middleware','aut','8427007216','1983-07-04 07:40:20','100','1',301.00,2869.56,0),(7,'ut','Secured encompassing matrix','laudantium','9071361734','2019-08-26 05:07:02','100','1',145.00,11355479.90,0),(8,'optio','Front-line bandwidth-monitored internetsolution','repellendus','9876212999','1984-08-29 20:21:58','100','3',689.00,0.00,0),(9,'quae','Future-proofed maximized protocol','in','1724415337','1972-03-14 08:40:24','10','3',706.00,294.82,0),(10,'laboriosam','De-engineered maximized algorithm','voluptatibus','161373852','2015-01-11 20:45:21','1','2',41.00,87.31,0),(11,'et','Persevering actuating standardization','ipsam','6893754596','2019-07-03 14:05:57','100','1',884.00,0.00,0),(12,'eligendi','Monitored homogeneous hub','dolor','3611868489','2016-08-08 17:18:10','10','3',917.00,48531.00,0),(13,'iusto','Multi-lateral content-based interface','rem','4108552136','1982-11-08 02:25:35','1','3',409.00,0.36,0),(14,'consequatu','Advanced uniform securedline','dolor','6342232273','2019-01-08 21:23:22','1000','2',235.00,2771264.00,0),(15,'quisquam','Innovative multimedia capability','unde','2007588148','2020-09-16 11:53:07','1000','3',66.00,0.00,0),(16,'fugit','Decentralized directional monitoring','maxime','9178730817','2017-09-13 19:56:33','100','2',854.00,84.66,0),(17,'est','Open-architected heuristic functionalities','qui','453664422','1971-01-27 06:57:59','10','2',55.00,0.95,0),(18,'libero','Stand-alone global extranet','cumque','6663667946','2015-03-21 20:41:49','10','3',999.00,27641482.39,0),(19,'expedita','Facetoface neutral framework','similique','794822503','1971-06-08 14:20:04','10','2',73.00,0.12,0),(20,'unde','Enterprise-wide intangible data-warehouse','rem','9764865646','2001-10-24 01:04:01','1000','2',102.00,75106.76,0),(21,'reiciendis','Reverse-engineered intangible leverage','nobis','6038976940','1992-01-27 07:03:35','10','2',783.00,235269.69,0),(22,'dolorem','Adaptive empowering database','officia','3569573950','1982-08-21 22:29:02','100','1',201.00,98434561.57,0),(23,'pariatur','Multi-channelled 5thgeneration standardization','atque','6418243157','1988-08-22 17:36:36','10','2',530.00,127917.05,0),(24,'mollitia','Reduced explicit toolset','officiis','7917722566','2007-04-02 23:02:15','1','2',827.00,10852182.77,0),(25,'nihil','Streamlined client-server architecture','autem','4139350987','2008-11-13 14:56:38','1000','3',339.00,0.35,0),(26,'repellendu','Reverse-engineered multimedia parallelism','officia','9059543251','2001-03-06 18:44:07','10','2',697.00,0.48,0),(27,'omnis','Advanced non-volatile portal','velit','5532070887','2013-04-08 00:40:50','100','3',555.00,19507.00,0),(28,'odit','Customizable web-enabled pricingstructure','eum','3096217862','1983-05-25 20:02:19','1','3',339.00,226353.99,0),(29,'officia','Grass-roots uniform attitude','nihil','3765046247','1989-09-28 17:14:43','10','3',788.00,0.00,0),(30,'minima','Cross-platform dedicated portal','aut','5358557971','1970-05-27 15:11:43','1','3',415.00,68.60,0),(31,'vitae','Managed exuding customerloyalty','et','3760138428','1973-09-02 21:14:20','100','1',666.00,386147.90,0),(32,'occaecati','Right-sized 4thgeneration support','praesentium','3605874599','1984-08-10 08:13:32','1000','2',825.00,417443.58,0),(33,'sunt','Grass-roots multi-tasking parallelism','nulla','5014729644','1998-03-17 14:39:24','1000','2',743.00,3220981.47,0),(34,'dolor','Multi-lateral disintermediate extranet','doloremque','6630099280','1971-07-01 16:26:00','1','2',37.00,0.00,0),(35,'numquam','Self-enabling system-worthy productivity','consectetur','69967764','1973-10-22 00:21:19','100','3',258.00,4158.08,0),(36,'possimus','Integrated national initiative','in','9331404049','2009-09-24 19:31:20','1000','1',515.00,97385.32,0),(37,'sed','Fully-configurable regional implementation','dicta','5856657307','1984-07-15 02:12:21','1','2',674.00,5278.05,0),(38,'quos','Persevering tangible knowledgeuser','numquam','203008949','1991-12-19 05:07:37','10','3',998.00,231.96,0),(39,'non','Reverse-engineered leadingedge project','et','1525662033','1977-09-22 21:48:07','100','3',542.00,6585991.75,0),(40,'doloribus','Exclusive explicit infrastructure','non','2442829296','1987-12-29 09:16:13','1000','3',776.00,0.29,0),(41,'sint','Re-contextualized secondary installation','velit','9168428233','1984-02-21 20:54:38','1000','2',222.00,401695036.65,0),(42,'eaque','Grass-roots 5thgeneration implementation','error','1499457503','2001-12-13 01:08:52','1000','3',261.00,82819837.65,0),(43,'quod','Adaptive client-server infrastructure','ut','6185904662','2020-07-18 08:47:31','100','2',729.00,356443.31,0),(44,'labore','Centralized multimedia knowledgebase','fugit','4782966380','2017-05-16 04:26:26','1000','2',687.00,38170860.55,0),(45,'ad','Phased reciprocal success','non','797526305','2017-12-04 04:55:49','100','3',768.00,54215487.69,0),(46,'quidem','Universal holistic leverage','quisquam','6261851824','1983-09-02 11:58:16','1','1',791.00,64639475.73,0),(47,'distinctio','Monitored object-oriented monitoring','aut','8344318657','2010-07-30 15:09:00','1','2',694.00,39966689.64,0),(48,'velit','Fully-configurable dedicated moratorium','voluptatem','4676138125','1997-08-16 15:16:13','10','3',37.00,3052.58,0),(49,'dolorum','Visionary user-facing toolset','eum','6792659428','2000-07-18 01:10:19','10','2',890.00,0.77,0),(50,'alias','Realigned asynchronous instructionset','ducimus','7614579820','1994-07-31 05:06:33','1','2',546.00,1478.36,0),(51,'animi','Diverse systematic monitoring','fugit','8449145578','1971-02-28 22:51:55','1000','2',337.00,587412841.91,0),(52,'quo','Switchable exuding openarchitecture','labore','7090783305','2011-04-16 15:36:51','10','1',551.00,1521.00,0),(53,'qui','Configurable mobile implementation','corporis','7869220725','2006-10-12 15:25:46','1000','2',997.00,25849.68,0),(54,'debitis','Switchable intangible benchmark','ut','3017627079','1984-05-11 08:33:46','10','3',239.00,1247.06,0),(55,'voluptas','Diverse scalable localareanetwork','odit','1069616456','2001-10-25 07:31:34','1','1',842.00,78646.73,0),(56,'modi','Inverse heuristic superstructure','sed','1929937079','1985-11-27 14:21:57','100','2',286.00,40858253.10,0),(57,'ea','Ameliorated scalable systemengine','impedit','147155704','2017-03-10 23:30:45','10','3',589.00,2590517.58,0),(58,'eius','Customizable intermediate hardware','velit','5303266895','2013-03-04 13:31:25','1','3',672.00,27.84,0),(59,'vel','Extended object-oriented extranet','recusandae','2683437885','2008-02-01 10:01:17','10','2',399.00,2.60,0),(60,'quis','Optional system-worthy hardware','ut','5389530155','1988-01-03 02:23:07','1000','1',73.00,196036696.00,0),(61,'ab','Programmable didactic moratorium','voluptatibus','9086197433','2003-09-09 13:05:33','1','2',763.00,1082.00,0),(62,'reprehende','Programmable bi-directional project','consequatur','4745729602','2009-09-08 10:27:46','1000','2',545.00,5295.48,0),(63,'cupiditate','Fundamental client-driven parallelism','sapiente','7494706977','2020-04-28 07:07:39','1','3',843.00,41094868.01,0),(64,'eum','Universal exuding algorithm','rem','4272039434','2005-01-26 10:49:09','1000','2',90.00,0.75,0),(65,'aut','Vision-oriented solution-oriented artificialintelligence','dolor','7881802571','1982-07-01 00:25:20','1000','2',265.00,21803696.01,0),(66,'dolore','Centralized zerotolerance infrastructure','ad','4471089360','1977-10-16 07:01:34','1','2',240.00,5293.63,0),(67,'dicta','Inverse mobile implementation','sunt','6278824838','1972-12-10 09:25:24','10','2',852.00,167815.77,0),(68,'neque','Cross-platform bifurcated framework','sint','1509521505','2008-03-02 19:39:03','100','3',651.00,1.20,0),(69,'at','Customizable hybrid capacity','modi','1755185946','2019-10-19 02:16:54','1000','3',226.00,0.00,0),(70,'fuga','Ameliorated web-enabled core','consequatur','8889280105','2003-02-27 19:00:28','100','2',185.00,6341.58,0),(71,'commodi','Compatible tertiary matrices','nisi','2792410277','1970-04-09 13:18:48','1000','3',762.00,1584934.00,0),(72,'voluptatem','Expanded mission-critical GraphicInterface','porro','4502555304','1974-06-13 20:19:09','1000','1',368.00,50815.38,0),(73,'similique','Profound web-enabled interface','voluptatibus','6745848082','1993-07-26 12:37:47','1000','1',459.00,331.52,0),(74,'voluptatib','Facetoface hybrid database','quis','9179725004','2005-11-21 15:47:19','1000','3',34.00,453094.21,0),(75,'iste','Reduced national pricingstructure','voluptas','7173913838','2010-12-06 07:34:45','10','1',968.00,204.53,0),(76,'quas','Reactive tertiary approach','quaerat','9502831730','1975-08-09 16:17:35','10','1',313.00,4272862.20,0),(77,'id','Decentralized encompassing array','aperiam','8426277372','1997-11-06 20:56:15','100','2',518.00,138.11,0),(78,'veritatis','Monitored clear-thinking superstructure','itaque','3335603130','1997-08-10 05:08:08','1000','2',916.00,2.00,0),(79,'maxime','Mandatory global systemengine','dolore','3118808292','1989-07-20 07:41:16','100','2',603.00,5609379.16,0),(80,'exercitati','Centralized empowering internetsolution','numquam','8736714879','2020-10-19 22:18:26','100','1',979.00,209456506.10,0),(81,'beatae','Intuitive 3rdgeneration focusgroup','eius','5231712814','1984-02-03 17:21:07','10','2',374.00,2397.00,0),(82,'ipsam','Synergized system-worthy archive','ipsum','6089557711','2016-03-09 17:15:24','10','2',79.00,0.00,0),(83,'ratione','Integrated tertiary analyzer','aut','1480774353','2005-09-16 16:44:57','10','3',96.00,1765.15,0),(84,'asperiores','Devolved scalable monitoring','quam','4572764993','1974-07-21 22:48:38','100','2',525.00,34.85,0),(85,'voluptates','Up-sized homogeneous synergy','voluptates','8555515157','1994-06-27 18:42:52','1000','1',167.00,49887798.51,0),(86,'deleniti','Organic optimal opensystem','optio','4450362967','1987-07-08 18:17:17','1','3',339.00,8149.91,0),(87,'dolores','Multi-channelled 24/7 hardware','voluptas','80317487','2010-09-04 14:34:03','100','2',587.00,1.39,0),(88,'autem','Function-based object-oriented functionalities','rem','8037231774','1983-07-23 09:22:25','10','2',781.00,165803725.50,0),(89,'odio','Customer-focused well-modulated complexity','quo','4536480461','1974-07-12 01:55:50','100','1',620.00,2993.68,0),(90,'accusamus','Quality-focused upward-trending structure','nesciunt','7411553123','1973-06-17 10:06:23','1','1',209.00,4662071.82,0),(91,'veniam','Decentralized bi-directional benchmark','saepe','5605562701','1999-07-09 03:34:18','1000','2',835.00,0.00,0),(92,'illum','Progressive dynamic standardization','veniam','651880134','2020-03-06 02:45:06','10','1',332.00,5.63,0),(93,'molestias','Enterprise-wide homogeneous internetsolution','earum','3170894375','2001-11-04 23:22:25','100','2',255.00,615.27,0),(94,'praesentiu','Public-key bi-directional software','provident','8047101167','1980-01-21 16:29:44','1000','1',118.00,2780590.88,0),(95,'molestiae','Decentralized object-oriented openarchitecture','corrupti','1671274835','2002-10-06 06:57:01','1000','3',580.00,4582179.02,0),(96,'temporibus','Future-proofed real-time opensystem','dignissimos','2312634591','2008-09-22 23:26:42','10','2',302.00,170.10,0),(97,'quasi','Reactive zerodefect infrastructure','vel','9876722884','1999-11-18 08:53:10','1000','1',153.00,13860.17,0),(98,'tempore','Operative asynchronous pricingstructure','repellendus','962018505','1992-03-23 05:34:38','1000','1',574.00,18140.75,0),(99,'soluta','Versatile cohesive circuit','consequuntur','3370611211','2012-02-22 02:02:38','1000','3',638.00,349119455.27,0),(100,'tempora','Expanded bandwidth-monitored functionalities','enim','6306890021','1995-01-30 18:46:22','1','2',579.00,89.40,0);
/*!40000 ALTER TABLE `share` ENABLE KEYS */;
UNLOCK TABLES;

--
-- Table structure for table `user`
--

DROP TABLE IF EXISTS `user`;
/*!40101 SET @saved_cs_client     = @@character_set_client */;
/*!40101 SET character_set_client = utf8 */;
CREATE TABLE `user` (
  `id` int(10) unsigned NOT NULL AUTO_INCREMENT,
  `password_hash` char(64) DEFAULT NULL,
  `email` varchar(245) NOT NULL,
  `phone` bigint(20) NOT NULL,
  `created_at` datetime NOT NULL DEFAULT current_timestamp(),
  `deleted_at` datetime DEFAULT NULL,
  PRIMARY KEY (`id`),
  UNIQUE KEY `email_UNIQUE` (`email`),
  UNIQUE KEY `phone_UNIQUE` (`phone`)
) ENGINE=InnoDB AUTO_INCREMENT=101 DEFAULT CHARSET=utf8;
/*!40101 SET character_set_client = @saved_cs_client */;

--
-- Dumping data for table `user`
--

LOCK TABLES `user` WRITE;
/*!40000 ALTER TABLE `user` DISABLE KEYS */;
INSERT INTO `user` VALUES (1,'153f67b24c705f07e1e4afa9ca09ef82f8f649a5','kristian.metz@example.org',79891691045,'1983-08-22 15:17:25',NULL),(2,'1333715e04e3556c8352897df9e08ce500dabd7c','karley73@example.org',79757559569,'1987-08-25 12:30:55',NULL),(3,'bfb5d8f8becd2853b9aa3e4e628f7be0d50c4cd3','lemke.clay@example.org',79590783122,'1973-06-03 09:01:50',NULL),(4,'7f0ec56ff323fda493e893d52f0f255605f05d85','usenger@example.net',79148053647,'2013-07-19 12:09:06',NULL),(5,'240f31e43cfc41027440367108ddc1e5548c7ea1','leuschke.mauricio@example.org',79909683141,'2016-01-05 12:28:59',NULL),(6,'a7a3cd6672ece7003f1d5ef603916d9812d87a7d','rogahn.terrill@example.net',79900973448,'1979-10-12 01:55:36',NULL),(7,'b5abdf090bb7c487e0950b4844f9ac9a61c465e3','angelica67@example.org',79406057158,'2007-11-27 16:52:02',NULL),(8,'a2b407a0a75c143331296f9315d710296e147041','hbins@example.com',79018399011,'1988-11-16 10:04:20',NULL),(9,'934fbc5a2e1c9917db1122ed8cef80964ed9c4f0','maddison67@example.org',79381952574,'2020-04-19 11:37:20',NULL),(10,'5f3fc89c7ba2b0e6eac13cbc2dd3fd0c591eefe6','torey.windler@example.org',79686165586,'2014-09-16 13:11:40',NULL),(11,'ffba2bdb63955fa55f2c06941ac7348963de4eee','thompson.kamille@example.org',79526963408,'2003-09-11 22:36:14',NULL),(12,'8b5baa99d4b6d39cf4e2ac14b95bc5ff0a898e49','cgoyette@example.com',79211380753,'1982-10-22 08:15:44',NULL),(13,'cb0614ed81db8abcd8a072c4a15e8edeb524f2e4','eheller@example.org',79729045078,'2006-11-09 09:48:14',NULL),(14,'995cee608b8c173053d9aeca8d1bef4d86a4ba1c','araceli60@example.net',79084930330,'2012-07-14 02:16:44',NULL),(15,'3d6f2cc7de5fe6149fc6f2e779a77fb25de69261','king.ida@example.net',79736697019,'1971-06-30 04:11:56',NULL),(16,'d15d124dfb0d94bbb16dfb1a98491a048712f305','kunze.gage@example.net',79719019058,'1993-06-16 09:39:33',NULL),(17,'014ac79dfe6be45de95cd724404a4ebca9689c0c','smohr@example.net',79552680107,'2015-04-02 10:55:47',NULL),(18,'24ef506e862d935ea0cdb0b6300ff572612b31c0','cruickshank.craig@example.net',79415767698,'1995-10-15 07:08:28',NULL),(19,'3791c6cb2220dcf0901dbc071cb21233d5956424','little.krista@example.com',79955899755,'2015-03-07 12:52:30',NULL),(20,'e98c6df8fb77757919cf5e4c665418acf59909dd','koss.samara@example.com',79412831340,'2008-03-10 17:34:06',NULL),(21,'3c810dffcc414892f5e90d8cc62824e1505b98e9','hermiston.karolann@example.org',79702013499,'1972-03-11 18:48:50',NULL),(22,'44cdc261371b59bedfc10e6958b6262fed3b696e','hilll.jacklyn@example.net',79337199086,'2010-07-15 06:22:03',NULL),(23,'c5d5803c63f144fb3bae52660355050bc06878d3','mayert.reece@example.org',79920807515,'1981-11-20 05:20:35',NULL),(24,'4084f04354f9a521a8f7ba15fb689db31e577c9a','cgaylord@example.com',79446413039,'1997-06-15 19:45:30',NULL),(25,'b390325478fae374b6d85570ac449d92e5b512f2','zdeckow@example.net',79551999889,'2007-04-04 11:13:06',NULL),(26,'df359381466242526576aa33cafd2df92dc70a84','sidney.turcotte@example.net',79880671019,'1981-09-13 23:28:31',NULL),(27,'9f5b0a585b65e87b68d9a1cf09b16b6024b3e0dd','nritchie@example.com',79341948230,'1995-12-22 02:48:32',NULL),(28,'d4e98379c609dbb4ee6df80fa23d769093d8af08','rhermann@example.net',79756006985,'1983-10-15 20:42:53',NULL),(29,'45c08eb76a3afd5e15e4165821ff40c151fc6f8c','ross28@example.net',79738277357,'1999-02-17 05:23:25',NULL),(30,'60fb180e048ffd947b1e56fa4ba2df516c9b3baa','ronny.shanahan@example.org',79299627781,'1982-03-23 00:56:59',NULL),(31,'a1b86b25990855ec5342b112bda97390247898cd','derrick42@example.org',79523457913,'1984-01-10 20:54:34',NULL),(32,'6c460ab6db1d3c020f78b3117f079ab1d07e61a4','qheaney@example.com',79006875195,'2007-10-26 14:19:59',NULL),(33,'50a201193c5dc2d086015f4387a07fd797d7c840','jimmie37@example.org',79446376871,'2005-12-22 04:31:31',NULL),(34,'014106f66bc50c845c480b5371451d60f8b059d1','schuster.keven@example.org',79601144334,'1998-01-13 17:26:36',NULL),(35,'1358ae447fa8801578fd3d9bf20701d84d4dfdf7','mlangworth@example.net',79702435941,'2017-08-23 19:29:35',NULL),(36,'d1ac5acfdfa35b7fef46aef931d4ceac234422f1','rrosenbaum@example.com',79841255165,'1994-10-29 17:24:35',NULL),(37,'0a74a69bed9f114d88cba5b9c72acbe22b3fb0ae','zoe.jones@example.net',79046021115,'1997-03-04 18:19:32',NULL),(38,'e4ed20cd64971bc8f6944a103f676880561c56d3','marisa.fay@example.org',79870355877,'1972-03-06 00:02:04',NULL),(39,'c6b8ca9596bd56fbd9fc01e5bd86173e2f52f5a8','tharris@example.net',79155293595,'1981-11-16 16:42:23',NULL),(40,'0730285fee22d2560f2c1dbf8e97c49910a013d9','anna27@example.com',79568746954,'2014-06-21 07:51:17',NULL),(41,'48e6e6b17f58dff3e912a488458982a7b78b4ef5','verdie.paucek@example.com',79060638563,'2010-07-07 01:18:23',NULL),(42,'13800eb9b44df8494b76e9202a7beaeef978faf4','willms.kiana@example.net',79273193290,'1973-09-25 18:44:38',NULL),(43,'2e8b46dba0a90e691daf972f889543d787e760f0','adelle.graham@example.org',79934676565,'1977-11-26 13:02:40',NULL),(44,'f800c51e5749204ab54d6d3c213cdafed8ec6768','hattie.bergstrom@example.org',79128099965,'1974-06-06 23:23:29',NULL),(45,'7ea58c3855661846a758fe4454ee6b84199a3ed1','kianna98@example.net',79826405293,'2014-04-09 06:02:41',NULL),(46,'eecd07e99a0ad58313f36f73fdd041f0f48701a0','edythe45@example.net',79085223686,'1982-03-01 09:11:34',NULL),(47,'5793665eaec169ac1b8790ba4f12ba602d9ee270','newell48@example.org',79907420040,'1999-12-07 14:27:09',NULL),(48,'09faf3b7a1524c92ff65c5a7c5401235e90910c1','xhegmann@example.net',79329582654,'1989-10-13 10:43:49',NULL),(49,'0d36cebfa79b26709744b8875944f6c06cf38def','chaim90@example.com',79939629952,'2020-08-12 14:25:34',NULL),(50,'a8cebfa83b86304a5e488d1b6c5225d6ddf2b0b8','nienow.kara@example.org',79613403638,'2008-06-16 05:47:26',NULL),(51,'879af06506de1b464a107aab0e6fea65d6fa7919','quigley.karen@example.net',79841839101,'2010-03-06 16:01:42',NULL),(52,'ffeb8e6c366437db734bf5efc50b297f7b6adf02','heaney.roscoe@example.com',79248562700,'2013-11-25 08:39:40',NULL),(53,'aee2db76556829a3de3ec9efcda30786180f8965','mcdermott.elnora@example.net',79148218110,'1978-01-13 18:25:11',NULL),(54,'770ffa96230f3a5dec36b9f2a37d194c32023e5d','pascale.torphy@example.net',79881538744,'1982-09-03 05:16:52',NULL),(55,'34f8547f72445b9dd0749f93392a72119599a771','felix.mohr@example.net',79481997620,'1980-10-01 22:58:56',NULL),(56,'0a01a8e4a77bdc8ae2882bb2a7a3c57d8f92da1f','elsie.kuhn@example.net',79725717355,'2000-07-08 11:55:58',NULL),(57,'50c10b1988fda7e56a1c9cd6f6fae4e7fe37181c','itremblay@example.net',79014465741,'1992-03-09 03:45:46',NULL),(58,'8812bc37e351c439f3850e237d7c1118c9be421a','crooks.savanah@example.org',79527317214,'1999-01-23 03:37:59',NULL),(59,'57bd585634c07db8b66ed3f2ee3cdb360b717ed3','cordie.little@example.com',79818130653,'1981-11-11 16:10:49',NULL),(60,'94c229677b2192e2d820a4972ea7ac8d48927fd5','tyler.will@example.org',79716094051,'2016-01-06 13:33:03',NULL),(61,'792cbea3ae88766cd0a7e6d5a685bbc244823ee3','mae49@example.org',79805802905,'1970-09-09 19:10:12',NULL),(62,'6e0af5bf981f1e53811d34a131030193ed4fd7a7','wolff.nayeli@example.org',79264253223,'1970-08-11 05:24:08',NULL),(63,'9e88778895b4ea7ebe8ee5a0bceb88f5a89f774e','dheidenreich@example.com',79967006138,'1985-06-22 22:45:41',NULL),(64,'c1261534f9ba8eb6159b5382c792e50551f56503','rosalia24@example.net',79957401427,'2014-12-14 03:06:34',NULL),(65,'ffb32662eeb3408685ec587031ace5c8accd1c62','ryan55@example.com',79772389728,'2012-11-13 00:25:27',NULL),(66,'bd99b81ed44dda10a4205ddfaa4b064f987ee39c','blick.amiya@example.com',79435194752,'2007-10-09 04:35:31',NULL),(67,'ee9e3cc511ee9d7acaa577250bc19fcbe94ccb07','zlittle@example.net',79859691450,'2009-09-01 05:54:40',NULL),(68,'62e8343306abd037668d75abd96f71a9b56077f4','marilou.keebler@example.net',79765676570,'2005-07-10 11:29:24',NULL),(69,'ae96c36b1780c41f8db3e4de541a0df6ddf71f20','vdickens@example.net',79993208381,'2012-01-13 15:16:28',NULL),(70,'4366d2faef93cd9f6ade5249ae8e48e38c412130','leone66@example.com',79947211379,'2012-09-19 02:16:01',NULL),(71,'734f2e96e4ce34e68e34e2e5020be837378aab34','jzulauf@example.org',79361798584,'2019-12-03 14:35:32',NULL),(72,'3000a11b71370e267d9f25eda14da8fff2c602b2','skuhlman@example.org',79719875203,'2018-03-02 23:38:42',NULL),(73,'0745b8a30e76959dc2a173814be712ac602b3bee','katelynn.doyle@example.com',79310940516,'1993-08-27 11:41:53',NULL),(74,'15712808bc8c7f182192a540480292175b0cd894','pwaters@example.org',79286977632,'1981-10-15 11:52:40',NULL),(75,'bde353a985a798eb6273d8e690f7842bf5ca78e7','hauck.alexys@example.net',79407330940,'1970-01-18 07:32:10',NULL),(76,'1c6535f7a89246c4fa2e9d568fbbc5155ebc44ec','aniyah46@example.com',79280142253,'2015-02-22 23:03:44',NULL),(77,'58780c4c0f6c2290906f269554537df641cb708b','gail08@example.net',79682438226,'2007-02-05 09:40:13',NULL),(78,'b5857aaef8a8d98ea1b57cf8d38cc02b77f6d1d9','towne.lesley@example.com',79014265585,'2015-04-29 04:56:02',NULL),(79,'4ab30a0f90c495fa7e01bda782fada8687f0d67d','harvey.samara@example.org',79845084982,'2013-06-19 03:11:48',NULL),(80,'ae01ef595b90c3cd473cb13017a4f56c6458a927','cole.jabari@example.com',79596384192,'2011-03-02 14:40:50',NULL),(81,'e090c84042e094dccb7a0e428f66d7229f20c603','ucorwin@example.net',79017454165,'2010-10-22 17:49:19',NULL),(82,'59dc4db0fa2791b567084962807592e87e41b691','kulas.lafayette@example.com',79203974172,'1974-04-01 12:47:54',NULL),(83,'f1c6f5f26ed01138b0cb79f2ad6d2e1fe813c62b','bonnie45@example.org',79892105818,'1970-11-28 14:40:46',NULL),(84,'d265f22ff10085748df94a5ca8d965dc26f56f7c','mariane34@example.org',79774382469,'2007-08-31 04:12:48',NULL),(85,'10a3f81667cc3be88373bb898a95b5ac0f18a466','marty.kertzmann@example.com',79997295351,'1980-03-01 01:39:21',NULL),(86,'9b1335d6fb3cca47628fedb7fc7fd6c209e14fa3','neil.bergnaum@example.net',79683208620,'2020-07-11 14:38:46',NULL),(87,'93b633657da7c071cfac6a0e910582669706629e','bogisich.darlene@example.com',79610115749,'1998-08-08 11:09:31',NULL),(88,'0471c637130f2ae7f81a72ec1ddcb91ea97e744d','jasper51@example.net',79479575552,'1977-01-24 12:10:36',NULL),(89,'7a63083a4e6553f56e4e4caebd99279235be249b','graham.ollie@example.com',79637862392,'2017-01-12 05:36:48',NULL),(90,'386f217d71dea2f97b3e12c6a375e04771ca2768','lmcglynn@example.net',79113983003,'1997-01-02 22:27:24',NULL),(91,'e81f3ec09497ca0bb2b126947b6b3564662423cf','idell.goodwin@example.com',79707610489,'1976-12-07 05:57:22',NULL),(92,'38381ffecc2b5669bdb7ca66196c57edafd31344','isom51@example.org',79420926041,'2003-09-19 12:14:55',NULL),(93,'84173f887f4051845bee707ee6e0294f2079944f','lindgren.josephine@example.com',79577516209,'1979-01-23 15:54:12',NULL),(94,'fba34b87ef54cc990532c72efb8755abf6f5f3e0','holden.daniel@example.net',79797416741,'1982-11-28 19:38:59',NULL),(95,'a3f3dcd0575e7c9bea1611586886aa121aa85492','annabelle.brekke@example.org',79732631043,'2009-11-10 18:21:55',NULL),(96,'441c9a01b2c633f9f36368536d6d85c48dfdce6a','beahan.sven@example.org',79052939307,'2012-11-19 19:44:55',NULL),(97,'d748558d1ed1c2abfdd56beed1ca7705bd4ff748','verner97@example.net',79938765140,'1982-05-23 04:11:23',NULL),(98,'31b2a8cb9adbf0a5f715d08240e3872005d7f08d','tlesch@example.com',79407189416,'2016-03-10 23:39:03',NULL),(99,'1531fbe888f45f3e8202ef4f0ad0bf4008577298','pink53@example.org',79386094324,'1992-09-14 18:20:16',NULL),(100,'ffbb55b214489dc4ec89ac39e3d78ae8af4b8aff','athena.ebert@example.net',79143504481,'1984-07-24 22:31:31',NULL);
/*!40000 ALTER TABLE `user` ENABLE KEYS */;
UNLOCK TABLES;
/*!40103 SET TIME_ZONE=@OLD_TIME_ZONE */;

/*!40101 SET SQL_MODE=@OLD_SQL_MODE */;
/*!40014 SET FOREIGN_KEY_CHECKS=@OLD_FOREIGN_KEY_CHECKS */;
/*!40014 SET UNIQUE_CHECKS=@OLD_UNIQUE_CHECKS */;
/*!40101 SET CHARACTER_SET_CLIENT=@OLD_CHARACTER_SET_CLIENT */;
/*!40101 SET CHARACTER_SET_RESULTS=@OLD_CHARACTER_SET_RESULTS */;
/*!40101 SET COLLATION_CONNECTION=@OLD_COLLATION_CONNECTION */;
/*!40111 SET SQL_NOTES=@OLD_SQL_NOTES */;

-- Dump completed on 2021-07-11 18:40:39
